X,Y,Z,% Cu,,,,,,,,
4750.82,4923.08,2978.5,-2.566550639,,,,,,,,
4750.82,4923.08,2978.5,-2.566550639,,-4.5,,,,,,
4750.82,4923.08,2978.5,-2.566550639,,-4.25,,,,,Bin,Frequency
4750.82,4923.08,2978.5,-2.566550639,,-4,,,,,-4.5,0
4750.82,4923.08,2978.5,-2.566550639,,-3.75,,,,,-4.25,67
4750.82,4923.08,2978.5,-2.566550639,,-3.5,,,,,-4,61
4750.82,4923.08,2978.5,-2.566550639,,-3.25,,,,,-3.75,80
4616.47,5403.39,3083.53,0.500775288,,-3,,,,,-3.5,64
4616.47,5403.39,3083.53,0.500775288,,-2.75,,,,,-3.25,70
4616.47,5403.39,3083.53,0.500775288,,-2.5,,,,,-3,43
4616.47,5403.39,3083.53,0.500775288,,-2.25,,,,,-2.75,77
4616.47,5403.39,3083.53,0.500775288,,-2,,,,,-2.5,77
4584.9,4911.6,3010.3,-1.353246507,,-1.75,,,,,-2.25,70
4335,5336,2732.5,-0.246540129,,-1.5,,,,,-2,67
4503.08,4885.66,2968.63,-0.895508193,,-1.25,,,,,-1.75,56
4335,5336,2957.5,-1.581822745,,-1,,,,,-1.5,56
4335,5336,2957.5,-1.581822745,,-0.75,,,,,-1.25,45
4335,5336,2957.5,-1.581822745,,-0.5,,,,,-1,61
4335,5336,2957.5,-1.581822745,,-0.25,,,,,-0.75,67
4335,5336,2957.5,-1.581822745,,0,,,,,-0.5,60
4335,5336,2957.5,-1.581822745,,0.25,,,,,-0.25,60
4335,5336,2957.5,-1.581822745,,0.5,,,,,0,48
4335,5336,2957.5,-1.581822745,,0.75,,,,,0.25,47
4335,5336,2957.5,-1.581822745,,1,,,,,0.5,50
4335,5336,2957.5,-1.581822745,,1.25,,,,,0.75,85
4335,5336,2957.5,-1.581822745,,1.5,,,,,1,70
4418.9,5642.41,2884.24,-2.525728644,,1.75,,,,,1.25,57
4418.9,5642.41,2884.24,-2.525728644,,2,,,,,1.5,63
4418.9,5642.41,2884.24,-2.525728644,,,,,,,1.75,64
4418.9,5642.41,2884.24,-2.525728644,,,,,,,2,0
4418.9,5642.41,2884.24,-2.525728644,,,,,,,More,0
4418.9,5642.41,2884.24,-2.525728644,,,,,,,,
4418.9,5642.41,2884.24,-2.525728644,,,,,,,,
4436.7,5642.47,2901.79,-1.609437912,,,,,,,,
4535.74,5339.77,2892.06,-0.525600909,,,,,,,,
4556.65,5167.56,2838.11,0.005186527,,,,,,,,
4648.5,5522.77,3007.12,0.623153809,,,,,,,,
4648.5,5522.77,3007.12,0.623153809,,,,,,,,
4648.5,5522.77,3007.12,0.623153809,,,,,,,,
4648.5,5522.77,3007.12,0.623153809,,,,,,,,
4648.5,5522.77,3007.12,0.623153809,,,,,,,,
4580,5463,2839.5,0.104360015,,,,,,,,
4551.95,4910.45,3160.98,-2.18036746,,,,,,,,
4551.95,4910.45,3160.98,-2.18036746,,,,,,,,
4551.95,4910.45,3160.98,-2.18036746,,,,,,,,
4257.52,5101.01,2881.78,-1.790959789,,,,,,,,
4257.52,5101.01,2881.78,-1.790959789,,,,,,,,
4257.52,5101.01,2881.78,-1.790959789,,,,,,,,
4257.52,5101.01,2881.78,-1.790959789,,,,,,,,
4257.52,5101.01,2881.78,-1.790959789,,,,,,,,
4257.52,5101.01,2881.78,-1.790959789,,,,,,,,
4257.52,5101.01,2881.78,-1.790959789,,,,,,,,
4257.52,5101.01,2881.78,-1.790959789,,,,,,,,
4257.52,5101.01,2881.78,-1.790959789,,,,,,,,
4257.52,5101.01,2881.78,-1.790959789,,,,,,,,
4257.52,5101.01,2881.78,-1.790959789,,,,,,,,
4550.38,5282,2898.38,-0.53580161,,,,,,,,
4468.88,5523.23,3090.73,-0.590951668,,,,,,,,
4613.35,5523.81,3059.62,0.085627086,,,,,,,,
4523.34,4982.31,3116.7,-0.181282097,,,,,,,,
4622.21,5331.31,3005.19,0.824964605,,,,,,,,
4622.21,5331.31,3005.19,0.824964605,,,,,,,,
4622.21,5331.31,3005.19,0.824964605,,,,,,,,
4622.21,5331.31,3005.19,0.824964605,,,,,,,,
4622.21,5331.31,3005.19,0.824964605,,,,,,,,
4622.21,5331.31,3005.19,0.824964605,,,,,,,,
4622.21,5331.31,3005.19,0.824964605,,,,,,,,
4335,5336,2907.5,-1.7567785,,,,,,,,
4335,5336,2757.5,-0.41521246,,,,,,,,
4572,5323,2960.5,0.112614144,,,,,,,,
4492.13,5463,3016.37,-0.17578298,,,,,,,,
4675.7,5464,2972.56,0.123279016,,,,,,,,
4618.27,5754.15,2922.27,-1.287354413,,,,,,,,
4636.22,5584.12,3051.1,-2.012905018,,,,,,,,
4636.22,5584.12,3051.1,-2.012905018,,,,,,,,
4636.22,5584.12,3051.1,-2.012905018,,,,,,,,
4513.04,5583.4,3104.62,-3.844364357,,,,,,,,
4513.04,5583.4,3104.62,-3.844364357,,,,,,,,
4513.04,5583.4,3104.62,-3.844364357,,,,,,,,
4513.04,5583.4,3104.62,-3.844364357,,,,,,,,
4513.04,5583.4,3104.62,-3.844364357,,,,,,,,
4513.04,5583.4,3104.62,-3.844364357,,,,,,,,
4513.04,5583.4,3104.62,-3.844364357,,,,,,,,
4513.04,5583.4,3104.62,-3.844364357,,,,,,,,
4513.04,5583.4,3104.62,-3.844364357,,,,,,,,
4513.04,5583.4,3104.62,-3.844364357,,,,,,,,
4513.04,5583.4,3104.62,-3.844364357,,,,,,,,
4513.04,5583.4,3104.62,-3.844364357,,,,,,,,
4513.04,5583.4,3104.62,-3.844364357,,,,,,,,
4513.04,5583.4,3104.62,-3.844364357,,,,,,,,
4513.04,5583.4,3104.62,-3.844364357,,,,,,,,
4513.04,5583.4,3104.62,-3.844364357,,,,,,,,
4418.51,5405.24,2966.65,-1.319009614,,,,,,,,
4531.06,5040.14,3067.9,-1.000215967,,,,,,,,
4460.94,4912.25,2886.77,-0.481266822,,,,,,,,
4637.24,5642.76,2925.2,-0.493313199,,,,,,,,
4335,5336,2932.5,-1.610438413,,,,,,,,
4449.5,5522.47,2984.35,-1.580850456,,,,,,,,
4588.73,5643.27,2868,-1.546463113,,,,,,,,
4645.58,5343.23,2908.28,-0.203095856,,,,,,,,
4787.55,4982.2,3052.73,-2.972015747,,,,,,,,
4787.55,4982.2,3052.73,-2.972015747,,,,,,,,
4787.55,4982.2,3052.73,-2.972015747,,,,,,,,
4787.55,4982.2,3052.73,-2.972015747,,,,,,,,
4787.55,4982.2,3052.73,-2.972015747,,,,,,,,
4787.55,4982.2,3052.73,-2.972015747,,,,,,,,
4787.55,4982.2,3052.73,-2.972015747,,,,,,,,
4636.3,5582.4,2882.89,-0.975510092,,,,,,,,
4588.65,5432.5,3039.5,1.066639909,,,,,,,,
4588.65,5432.5,3039.5,1.066639909,,,,,,,,
4588.65,5432.5,3039.5,1.066639909,,,,,,,,
4588.65,5432.5,3039.5,1.066639909,,,,,,,,
4588.65,5432.5,3039.5,1.066639909,,,,,,,,
4588.65,5432.5,3039.5,1.066639909,,,,,,,,
4588.65,5432.5,3039.5,1.066639909,,,,,,,,
4588.65,5432.5,3039.5,1.066639909,,,,,,,,
4750.42,4923.24,2728.5,-2.207274913,,,,,,,,
4750.42,4923.24,2728.5,-2.207274913,,,,,,,,
4750.42,4923.24,2728.5,-2.207274913,,,,,,,,
4612.9,5522.58,2972.01,0.008364916,,,,,,,,
4618.46,5581.61,2949.45,-0.351545266,,,,,,,,
4429.52,5588.22,2980.12,-1.523260216,,,,,,,,
4645.1,5402.8,2921.1,-0.596383512,,,,,,,,
4580,5463,3114.5,0.869199124,,,,,,,,
4580,5463,3114.5,0.869199124,,,,,,,,
4580,5463,3114.5,0.869199124,,,,,,,,
4580,5463,3114.5,0.869199124,,,,,,,,
4580,5463,3114.5,0.869199124,,,,,,,,
4580,5463,3114.5,0.869199124,,,,,,,,
4580,5463,3114.5,0.869199124,,,,,,,,
4501.7,5269.64,2857.97,-1.580850456,,,,,,,,
4645.43,5280.92,2919.42,-0.424342164,,,,,,,,
4589.81,5222.31,3098.81,-0.20138206,,,,,,,,
4502.96,5546.38,2923.79,-0.328504067,,,,,,,,
4348.81,4979.26,2904.2,-1.433385969,,,,,,,,
4471.57,5254.22,2821.16,-2.3227878,,,,,,,,
4471.57,5254.22,2821.16,-2.3227878,,,,,,,,
4471.57,5254.22,2821.16,-2.3227878,,,,,,,,
4471.57,5254.22,2821.16,-2.3227878,,,,,,,,
4471.57,5254.22,2821.16,-2.3227878,,,,,,,,
4471.57,5254.22,2821.16,-2.3227878,,,,,,,,
4471.57,5254.22,2821.16,-2.3227878,,,,,,,,
4279.78,5282.53,3021.15,-1.680933914,,,,,,,,
4594.1,5104.55,3022.48,-0.079043207,,,,,,,,
4612.08,5104.27,3039.85,-0.353252237,,,,,,,,
4581.1,5405.24,3048.24,1.092594216,,,,,,,,
4607.49,5222.58,3116.48,-3.275446176,,,,,,,,
4607.49,5222.58,3116.48,-3.275446176,,,,,,,,
4607.49,5222.58,3116.48,-3.275446176,,,,,,,,
4607.49,5222.58,3116.48,-3.275446176,,,,,,,,
4607.49,5222.58,3116.48,-3.275446176,,,,,,,,
4607.49,5222.58,3116.48,-3.275446176,,,,,,,,
4607.49,5222.58,3116.48,-3.275446176,,,,,,,,
4706.14,5579.1,2876.45,-1.580850456,,,,,,,,
4491.33,5540.25,2997.63,-0.281302465,,,,,,,,
4583.57,5584.86,2997.7,-0.473529839,,,,,,,,
4566.02,5585.1,2979.9,-0.517514612,,,,,,,,
4693.77,4983.02,2935.67,-1.524178068,,,,,,,,
4362.73,5460.3,3087.88,-1.177655496,,,,,,,,
4666.19,5519.61,2853.65,0.086911372,,,,,,,,
4634.16,5402.46,3101.18,-3.729701449,,,,,,,,
4634.16,5402.46,3101.18,-3.729701449,,,,,,,,
4634.16,5402.46,3101.18,-3.729701449,,,,,,,,
4634.16,5402.46,3101.18,-3.729701449,,,,,,,,
4634.16,5402.46,3101.18,-3.729701449,,,,,,,,
4634.16,5402.46,3101.18,-3.729701449,,,,,,,,
4634.16,5402.46,3101.18,-3.729701449,,,,,,,,
4488.96,5522.95,2936.53,-0.749505914,,,,,,,,
4701.61,5519.98,2888.94,-1.444771291,,,,,,,,
4789.34,5042.1,3027.7,-2.915074371,,,,,,,,
4789.34,5042.1,3027.7,-2.915074371,,,,,,,,
4789.34,5042.1,3027.7,-2.915074371,,,,,,,,
4789.34,5042.1,3027.7,-2.915074371,,,,,,,,
4789.34,5042.1,3027.7,-2.915074371,,,,,,,,
4789.34,5042.1,3027.7,-2.915074371,,,,,,,,
4789.34,5042.1,3027.7,-2.915074371,,,,,,,,
4486.59,5458.22,2957,-0.520202786,,,,,,,,
4595.62,5343.32,3103.34,0.473248359,,,,,,,,
4595.62,5343.32,3103.34,0.473248359,,,,,,,,
4595.62,5343.32,3103.34,0.473248359,,,,,,,,
4595.62,5343.32,3103.34,0.473248359,,,,,,,,
4595.62,5343.32,3103.34,0.473248359,,,,,,,,
4595.62,5343.32,3103.34,0.473248359,,,,,,,,
4595.62,5343.32,3103.34,0.473248359,,,,,,,,
4595.62,5343.32,3103.34,0.473248359,,,,,,,,
4595.62,5343.32,3103.34,0.473248359,,,,,,,,
4595.62,5343.32,3103.34,0.473248359,,,,,,,,
4595.62,5343.32,3103.34,0.473248359,,,,,,,,
4565.88,5402.31,2942.96,0.602018247,,,,,,,,
4565.88,5402.31,2942.96,0.602018247,,,,,,,,
4565.88,5402.31,2942.96,0.602018247,,,,,,,,
4565.88,5402.31,2942.96,0.602018247,,,,,,,,
4565.88,5402.31,2942.96,0.602018247,,,,,,,,
4320.89,5282.96,3139.2,-3.611918413,,,,,,,,
4320.89,5282.96,3139.2,-3.611918413,,,,,,,,
4320.89,5282.96,3139.2,-3.611918413,,,,,,,,
4320.89,5282.96,3139.2,-3.611918413,,,,,,,,
4320.89,5282.96,3139.2,-3.611918413,,,,,,,,
4320.89,5282.96,3139.2,-3.611918413,,,,,,,,
4320.89,5282.96,3139.2,-3.611918413,,,,,,,,
4694.15,5039.94,2911.79,-1.224175512,,,,,,,,
4772.44,5520.72,2959.53,-0.687165109,,,,,,,,
4448.41,5220.08,2957.38,-1.491654877,,,,,,,,
4479.71,5279.35,3015.54,-1.9618363,,,,,,,,
4499.22,5100.22,3008.65,-0.338835026,,,,,,,,
4580,5463,2739.5,-0.199304962,,,,,,,,
4493.67,5228.21,2918.77,-1.262308381,,,,,,,,
4710.02,5040.3,2931.11,-0.828279855,,,,,,,,
4519.79,5700.6,2922.8,-1.085301275,,,,,,,,
4611.34,5460.05,2989.59,-0.279713903,,,,,,,,
4657.9,5283.25,3085.27,-0.667089646,,,,,,,,
4582.51,5226.81,3006.7,0.589673772,,,,,,,,
4582.51,5226.81,3006.7,0.589673772,,,,,,,,
4582.51,5226.81,3006.7,0.589673772,,,,,,,,
4582.51,5226.81,3006.7,0.589673772,,,,,,,,
4582.51,5226.81,3006.7,0.589673772,,,,,,,,
4675.38,5224,3063.13,-0.346724613,,,,,,,,
4444.01,4980.92,3020.11,-0.635633274,,,,,,,,
4514.06,4911.97,2939.71,-0.593844979,,,,,,,,
4580,5463,2964.5,0.364781993,,,,,,,,
4383.04,5405.92,2931.42,-1.21402314,,,,,,,,
4478.25,5586.33,2890.89,-0.789658081,,,,,,,,
4492.24,5415.33,2986.99,-0.831949583,,,,,,,,
4578.04,5343.54,3085.57,0.532273955,,,,,,,,
4578.04,5343.54,3085.57,0.532273955,,,,,,,,
4578.04,5343.54,3085.57,0.532273955,,,,,,,,
4578.04,5343.54,3085.57,0.532273955,,,,,,,,
4578.04,5343.54,3085.57,0.532273955,,,,,,,,
4365.3,5406.26,2913.8,-1.130102956,,,,,,,,
4674.13,5282,3022.13,0.160927664,,,,,,,,
4465.9,5402.77,3108.54,-3.405205403,,,,,,,,
4465.9,5402.77,3108.54,-3.405205403,,,,,,,,
4465.9,5402.77,3108.54,-3.405205403,,,,,,,,
4465.9,5402.77,3108.54,-3.405205403,,,,,,,,
4465.9,5402.77,3108.54,-3.405205403,,,,,,,,
4465.9,5402.77,3108.54,-3.405205403,,,,,,,,
4465.9,5402.77,3108.54,-3.405205403,,,,,,,,
4496.35,4912.07,2922.06,-1.174414002,,,,,,,,
4293.51,5101.7,2975.07,-1.197328262,,,,,,,,
4807.35,5582.56,2933.41,-1.297551151,,,,,,,,
4641.6,5341.61,2998.31,1.506784839,,,,,,,,
4641.6,5341.61,2998.31,1.506784839,,,,,,,,
4641.6,5341.61,2998.31,1.506784839,,,,,,,,
4641.6,5341.61,2998.31,1.506784839,,,,,,,,
4641.6,5341.61,2998.31,1.506784839,,,,,,,,
4641.6,5341.61,2998.31,1.506784839,,,,,,,,
4641.6,5341.61,2998.31,1.506784839,,,,,,,,
4641.6,5341.61,2998.31,1.506784839,,,,,,,,
4641.6,5341.61,2998.31,1.506784839,,,,,,,,
4641.6,5341.61,2998.31,1.506784839,,,,,,,,
4641.6,5341.61,2998.31,1.506784839,,,,,,,,
4641.6,5341.61,2998.31,1.506784839,,,,,,,,
4641.6,5341.61,2998.31,1.506784839,,,,,,,,
4641.6,5341.61,2998.31,1.506784839,,,,,,,,
4641.6,5341.61,2998.31,1.506784839,,,,,,,,
4641.6,5341.61,2998.31,1.506784839,,,,,,,,
4790.15,5520.91,2977.18,-2.455736272,,,,,,,,
4790.15,5520.91,2977.18,-2.455736272,,,,,,,,
4790.15,5520.91,2977.18,-2.455736272,,,,,,,,
4790.15,5520.91,2977.18,-2.455736272,,,,,,,,
4790.15,5520.91,2977.18,-2.455736272,,,,,,,,
4790.15,5520.91,2977.18,-2.455736272,,,,,,,,
4790.15,5520.91,2977.18,-2.455736272,,,,,,,,
4476.44,5407.79,3059.92,-0.447225042,,,,,,,,
4580,5463,3089.5,1.50412184,,,,,,,,
4580,5463,3089.5,1.50412184,,,,,,,,
4580,5463,3089.5,1.50412184,,,,,,,,
4580,5463,3089.5,1.50412184,,,,,,,,
4580,5463,3089.5,1.50412184,,,,,,,,
4580,5463,3089.5,1.50412184,,,,,,,,
4580,5463,3089.5,1.50412184,,,,,,,,
4580,5463,3089.5,1.50412184,,,,,,,,
4580,5463,3089.5,1.50412184,,,,,,,,
4580,5463,3089.5,1.50412184,,,,,,,,
4580,5463,3089.5,1.50412184,,,,,,,,
4580,5463,3089.5,1.50412184,,,,,,,,
4580,5463,3089.5,1.50412184,,,,,,,,
4580,5463,3089.5,1.50412184,,,,,,,,
4580,5463,3089.5,1.50412184,,,,,,,,
4580,5463,3089.5,1.50412184,,,,,,,,
4471.94,5530.02,3120.69,-2.857710976,,,,,,,,
4471.94,5530.02,3120.69,-2.857710976,,,,,,,,
4471.94,5530.02,3120.69,-2.857710976,,,,,,,,
4471.94,5530.02,3120.69,-2.857710976,,,,,,,,
4471.94,5530.02,3120.69,-2.857710976,,,,,,,,
4471.94,5530.02,3120.69,-2.857710976,,,,,,,,
4471.94,5530.02,3120.69,-2.857710976,,,,,,,,
4662.77,5402.83,2938.77,-0.580175702,,,,,,,,
4362.67,5042.89,3084.59,-1.243406874,,,,,,,,
4750.5,4923.21,2778.5,-1.865621318,,,,,,,,
4750.5,4923.21,2778.5,-1.865621318,,,,,,,,
4750.5,4923.21,2778.5,-1.865621318,,,,,,,,
4750.5,4923.21,2778.5,-1.865621318,,,,,,,,
4750.5,4923.21,2778.5,-1.865621318,,,,,,,,
4750.5,4923.21,2778.5,-1.865621318,,,,,,,,
4750.5,4923.21,2778.5,-1.865621318,,,,,,,,
4750.5,4923.21,2778.5,-1.865621318,,,,,,,,
4750.5,4923.21,2778.5,-1.865621318,,,,,,,,
4750.5,4923.21,2778.5,-1.865621318,,,,,,,,
4750.5,4923.21,2778.5,-1.865621318,,,,,,,,
4578.15,5040.88,3126.27,-1.680933914,,,,,,,,
4578.15,5040.88,3126.27,-1.680933914,,,,,,,,
4578.15,5040.88,3126.27,-1.680933914,,,,,,,,
4578.15,5040.88,3126.27,-1.680933914,,,,,,,,
4578.15,5040.88,3126.27,-1.680933914,,,,,,,,
4578.15,5040.88,3126.27,-1.680933914,,,,,,,,
4578.15,5040.88,3126.27,-1.680933914,,,,,,,,
4578.15,5040.88,3126.27,-1.680933914,,,,,,,,
4578.15,5040.88,3126.27,-1.680933914,,,,,,,,
4578.15,5040.88,3126.27,-1.680933914,,,,,,,,
4578.15,5040.88,3126.27,-1.680933914,,,,,,,,
4548.06,5581.94,2794.35,-1.000759889,,,,,,,,
4572,5323,2785.5,-0.135819723,,,,,,,,
4625.49,5757.91,2898.63,-1.490766383,,,,,,,,
4345,5613,2815.5,-1.957577954,,,,,,,,
4413.9,5522.59,2949.24,-1.537117251,,,,,,,,
4627.42,5402.77,2903.42,-0.377460912,,,,,,,,
4965.94,4630.48,3083.16,-3.604538306,,,,,,,,
4965.94,4630.48,3083.16,-3.604538306,,,,,,,,
4965.94,4630.48,3083.16,-3.604538306,,,,,,,,
4965.94,4630.48,3083.16,-3.604538306,,,,,,,,
4965.94,4630.48,3083.16,-3.604538306,,,,,,,,
4965.94,4630.48,3083.16,-3.604538306,,,,,,,,
4965.94,4630.48,3083.16,-3.604538306,,,,,,,,
4525.32,5161.75,3066.59,-0.067422676,,,,,,,,
4570,5184,2868.5,-0.06592615,,,,,,,,
4325,5053,2967.5,-0.807884858,,,,,,,,
4311.51,5102.05,3021.72,-1.914605299,,,,,,,,
4580,5463,2939.5,0.268652147,,,,,,,,
4750.46,4923.23,2753.5,-2.154165088,,,,,,,,
4750.46,4923.23,2753.5,-2.154165088,,,,,,,,
4750.46,4923.23,2753.5,-2.154165088,,,,,,,,
4750.46,4923.23,2753.5,-2.154165088,,,,,,,,
4750.46,4923.23,2753.5,-2.154165088,,,,,,,,
4750.46,4923.23,2753.5,-2.154165088,,,,,,,,
4750.46,4923.23,2753.5,-2.154165088,,,,,,,,
4489.45,5403.87,3037.11,-0.505174952,,,,,,,,
4750.66,4923.14,2878.5,-2.012905018,,,,,,,,
4750.66,4923.14,2878.5,-2.012905018,,,,,,,,
4750.66,4923.14,2878.5,-2.012905018,,,,,,,,
4520.7,5522.22,3054.56,0.112614144,,,,,,,,
4565.44,5580.69,2896.42,-1.173766962,,,,,,,,
4565.44,5580.69,2896.42,-1.173766962,,,,,,,,
4565.44,5580.69,2896.42,-1.173766962,,,,,,,,
4565.44,5580.69,2896.42,-1.173766962,,,,,,,,
4565.44,5580.69,2896.42,-1.173766962,,,,,,,,
4565.44,5580.69,2896.42,-1.173766962,,,,,,,,
4565.44,5580.69,2896.42,-1.173766962,,,,,,,,
4565.44,5580.69,2896.42,-1.173766962,,,,,,,,
4565.44,5580.69,2896.42,-1.173766962,,,,,,,,
4565.44,5580.69,2896.42,-1.173766962,,,,,,,,
4565.44,5580.69,2896.42,-1.173766962,,,,,,,,
4463.45,5463,2975.41,-1.012801632,,,,,,,,
4485.65,5163.61,3112.96,-1.38309947,,,,,,,,
4645.59,5523.69,2923.97,-0.095190187,,,,,,,,
4570,5184,2793.5,-0.349557476,,,,,,,,
4712.18,5342.85,3069.15,-0.831949583,,,,,,,,
4530.09,5580.07,2861.06,-0.417487083,,,,,,,,
4335,5336,3107.5,-1.731605546,,,,,,,,
4533.62,4901.15,3088.85,-0.410678675,,,,,,,,
4724.53,5582.86,2971.44,-1.371997056,,,,,,,,
4583.36,5582.12,2829.77,-0.729811165,,,,,,,,
4490.12,5344.61,2996.73,-1.314531995,,,,,,,,
4557.37,5460.94,3027.59,0.578858034,,,,,,,,
4557.37,5460.94,3027.59,0.578858034,,,,,,,,
4557.37,5460.94,3027.59,0.578858034,,,,,,,,
4557.37,5460.94,3027.59,0.578858034,,,,,,,,
4557.37,5460.94,3027.59,0.578858034,,,,,,,,
4575.93,5459.19,2954.3,0.050312814,,,,,,,,
4540.23,5643.78,2810.8,-0.877550904,,,,,,,,
4396.09,5522.65,2931.68,-4.199705078,,,,,,,,
4396.09,5522.65,2931.68,-4.199705078,,,,,,,,
4396.09,5522.65,2931.68,-4.199705078,,,,,,,,
4396.09,5522.65,2931.68,-4.199705078,,,,,,,,
4396.09,5522.65,2931.68,-4.199705078,,,,,,,,
4396.09,5522.65,2931.68,-4.199705078,,,,,,,,
4396.09,5522.65,2931.68,-4.199705078,,,,,,,,
4396.09,5522.65,2931.68,-4.199705078,,,,,,,,
4396.09,5522.65,2931.68,-4.199705078,,,,,,,,
4396.09,5522.65,2931.68,-4.199705078,,,,,,,,
4396.09,5522.65,2931.68,-4.199705078,,,,,,,,
4396.09,5522.65,2931.68,-4.199705078,,,,,,,,
4396.09,5522.65,2931.68,-4.199705078,,,,,,,,
4396.09,5522.65,2931.68,-4.199705078,,,,,,,,
4396.09,5522.65,2931.68,-4.199705078,,,,,,,,
4396.09,5522.65,2931.68,-4.199705078,,,,,,,,
4396.09,5522.65,2931.68,-4.199705078,,,,,,,,
4396.09,5522.65,2931.68,-4.199705078,,,,,,,,
4396.09,5522.65,2931.68,-4.199705078,,,,,,,,
4396.09,5522.65,2931.68,-4.199705078,,,,,,,,
4396.09,5522.65,2931.68,-4.199705078,,,,,,,,
4396.09,5522.65,2931.68,-4.199705078,,,,,,,,
4396.09,5522.65,2931.68,-4.199705078,,,,,,,,
4396.09,5522.65,2931.68,-4.199705078,,,,,,,,
4396.09,5522.65,2931.68,-4.199705078,,,,,,,,
4396.09,5522.65,2931.68,-4.199705078,,,,,,,,
4396.09,5522.65,2931.68,-4.199705078,,,,,,,,
4396.09,5522.65,2931.68,-4.199705078,,,,,,,,
4396.09,5522.65,2931.68,-4.199705078,,,,,,,,
4396.09,5522.65,2931.68,-4.199705078,,,,,,,,
4396.09,5522.65,2931.68,-4.199705078,,,,,,,,
4396.09,5522.65,2931.68,-4.199705078,,,,,,,,
4396.09,5522.65,2931.68,-4.199705078,,,,,,,,
4396.09,5522.65,2931.68,-4.199705078,,,,,,,,
4396.09,5522.65,2931.68,-4.199705078,,,,,,,,
4396.09,5522.65,2931.68,-4.199705078,,,,,,,,
4396.09,5522.65,2931.68,-4.199705078,,,,,,,,
4396.09,5522.65,2931.68,-4.199705078,,,,,,,,
4396.09,5522.65,2931.68,-4.199705078,,,,,,,,
4396.09,5522.65,2931.68,-4.199705078,,,,,,,,
4396.09,5522.65,2931.68,-4.199705078,,,,,,,,
4396.09,5522.65,2931.68,-4.199705078,,,,,,,,
4396.09,5522.65,2931.68,-4.199705078,,,,,,,,
4396.09,5522.65,2931.68,-4.199705078,,,,,,,,
4396.09,5522.65,2931.68,-4.199705078,,,,,,,,
4396.09,5522.65,2931.68,-4.199705078,,,,,,,,
4396.09,5522.65,2931.68,-4.199705078,,,,,,,,
4396.09,5522.65,2931.68,-4.199705078,,,,,,,,
4396.09,5522.65,2931.68,-4.199705078,,,,,,,,
4396.09,5522.65,2931.68,-4.199705078,,,,,,,,
4396.09,5522.65,2931.68,-4.199705078,,,,,,,,
4396.09,5522.65,2931.68,-4.199705078,,,,,,,,
4396.09,5522.65,2931.68,-4.199705078,,,,,,,,
4396.09,5522.65,2931.68,-4.199705078,,,,,,,,
4396.09,5522.65,2931.68,-4.199705078,,,,,,,,
4396.09,5522.65,2931.68,-4.199705078,,,,,,,,
4396.09,5522.65,2931.68,-4.199705078,,,,,,,,
4396.09,5522.65,2931.68,-4.199705078,,,,,,,,
4396.09,5522.65,2931.68,-4.199705078,,,,,,,,
4396.09,5522.65,2931.68,-4.199705078,,,,,,,,
4396.09,5522.65,2931.68,-4.199705078,,,,,,,,
4347.56,5406.6,2896.19,-1.22758267,,,,,,,,
4263.34,5282.35,2973.93,-1.790959789,,,,,,,,
4515.36,5039.89,3048.45,-0.495937011,,,,,,,,
4666.9,5312.91,3101.64,-2.439550948,,,,,,,,
4666.9,5312.91,3101.64,-2.439550948,,,,,,,,
4666.9,5312.91,3101.64,-2.439550948,,,,,,,,
4666.9,5312.91,3101.64,-2.439550948,,,,,,,,
4666.9,5312.91,3101.64,-2.439550948,,,,,,,,
4666.9,5312.91,3101.64,-2.439550948,,,,,,,,
4666.9,5312.91,3101.64,-2.439550948,,,,,,,,
4428.6,5640.65,2809.53,-1.731605546,,,,,,,,
4682.47,5362.15,3078.8,-2.603690186,,,,,,,,
4682.47,5362.15,3078.8,-2.603690186,,,,,,,,
4682.47,5362.15,3078.8,-2.603690186,,,,,,,,
4682.47,5362.15,3078.8,-2.603690186,,,,,,,,
4682.47,5362.15,3078.8,-2.603690186,,,,,,,,
4682.47,5362.15,3078.8,-2.603690186,,,,,,,,
4682.47,5362.15,3078.8,-2.603690186,,,,,,,,
4516.85,5280.33,3048.99,0.251381093,,,,,,,,
4680.45,5402.86,2956.45,-0.394821948,,,,,,,,
4530.65,5402.12,2907.48,0.367970904,,,,,,,,
4530.65,5402.12,2907.48,0.367970904,,,,,,,,
4530.65,5402.12,2907.48,0.367970904,,,,,,,,
4530.65,5402.12,2907.48,0.367970904,,,,,,,,
4530.65,5402.12,2907.48,0.367970904,,,,,,,,
4530.65,5402.12,2907.48,0.367970904,,,,,,,,
4530.65,5402.12,2907.48,0.367970904,,,,,,,,
4530.65,5402.12,2907.48,0.367970904,,,,,,,,
4530.65,5402.12,2907.48,0.367970904,,,,,,,,
4530.65,5402.12,2907.48,0.367970904,,,,,,,,
4530.65,5402.12,2907.48,0.367970904,,,,,,,,
4676.02,5784.22,2733.16,-1.755620423,,,,,,,,
4501.43,5220.92,3010.42,-1.107451237,,,,,,,,
4818.45,5590.19,2954.47,-2.225624052,,,,,,,,
4818.45,5590.19,2954.47,-2.225624052,,,,,,,,
4818.45,5590.19,2954.47,-2.225624052,,,,,,,,
4661.59,5776.7,2780.44,-0.58554917,,,,,,,,
4630.7,5522.67,2989.56,0.449545787,,,,,,,,
4653.94,5582.49,2900.6,-0.944175935,,,,,,,,
4622.7,5492.55,3017.51,0.922590844,,,,,,,,
4622.7,5492.55,3017.51,0.922590844,,,,,,,,
4622.7,5492.55,3017.51,0.922590844,,,,,,,,
4622.7,5492.55,3017.51,0.922590844,,,,,,,,
4622.7,5492.55,3017.51,0.922590844,,,,,,,,
4622.7,5492.55,3017.51,0.922590844,,,,,,,,
4622.7,5492.55,3017.51,0.922590844,,,,,,,,
4570,5184,2818.5,0.00079968,,,,,,,,
4257.53,5042.71,2977.6,-0.388313049,,,,,,,,
4564.98,5493.04,3115.5,-3.405205403,,,,,,,,
4564.98,5493.04,3115.5,-3.405205403,,,,,,,,
4564.98,5493.04,3115.5,-3.405205403,,,,,,,,
4564.98,5493.04,3115.5,-3.405205403,,,,,,,,
4564.98,5493.04,3115.5,-3.405205403,,,,,,,,
4564.98,5493.04,3115.5,-3.405205403,,,,,,,,
4564.98,5493.04,3115.5,-3.405205403,,,,,,,,
4681.42,5343.17,2943.14,-0.2269006,,,,,,,,
4601.12,5584.61,3015.5,-0.137424676,,,,,,,,
4486.63,5261.93,2839.57,-1.754463684,,,,,,,,
4364,4983.14,3111.83,-1.12639467,,,,,,,,
4662.51,4983.3,2896.65,-0.644357016,,,,,,,,
4668.81,5780.46,2756.8,-1.239254618,,,,,,,,
4609.69,5283.76,3027.82,0.424483114,,,,,,,,
4446.55,5640.84,2826.93,-1.275826908,,,,,,,,
4595.58,5523.69,3042.04,-0.208501275,,,,,,,,
4325,5053,2817.5,-0.315807236,,,,,,,,
4499.12,5584.2,3083.87,-0.621757184,,,,,,,,
4501.93,5700.16,2905.3,-0.849099482,,,,,,,,
4452.57,5038.9,2970.62,-0.968637212,,,,,,,,
4679.06,5337.08,3099.56,-3.506557897,,,,,,,,
4679.06,5337.08,3099.56,-3.506557897,,,,,,,,
4679.06,5337.08,3099.56,-3.506557897,,,,,,,,
4679.06,5337.08,3099.56,-3.506557897,,,,,,,,
4679.06,5337.08,3099.56,-3.506557897,,,,,,,,
4679.06,5337.08,3099.56,-3.506557897,,,,,,,,
4679.06,5337.08,3099.56,-3.506557897,,,,,,,,
4415.94,5523.51,3037.6,-1.538979449,,,,,,,,
4769.16,5282.86,3043.16,-1.149484619,,,,,,,,
4572,5323,2860.5,-0.538196821,,,,,,,,
4693.18,5325.23,3082.67,0.817663055,,,,,,,,
4693.18,5325.23,3082.67,0.817663055,,,,,,,,
4693.18,5325.23,3082.67,0.817663055,,,,,,,,
4693.18,5325.23,3082.67,0.817663055,,,,,,,,
4693.18,5325.23,3082.67,0.817663055,,,,,,,,
4693.18,5325.23,3082.67,0.817663055,,,,,,,,
4693.18,5325.23,3082.67,0.817663055,,,,,,,,
4707.3,5313.38,3065.78,1.108232532,,,,,,,,
4707.3,5313.38,3065.78,1.108232532,,,,,,,,
4707.3,5313.38,3065.78,1.108232532,,,,,,,,
4707.3,5313.38,3065.78,1.108232532,,,,,,,,
4707.3,5313.38,3065.78,1.108232532,,,,,,,,
4707.3,5313.38,3065.78,1.108232532,,,,,,,,
4707.3,5313.38,3065.78,1.108232532,,,,,,,,
4707.3,5313.38,3065.78,1.108232532,,,,,,,,
4630.94,5031.28,2989.6,-1.125777957,,,,,,,,
4356.5,5102.91,3138.34,-3.772261063,,,,,,,,
4356.5,5102.91,3138.34,-3.772261063,,,,,,,,
4356.5,5102.91,3138.34,-3.772261063,,,,,,,,
4356.5,5102.91,3138.34,-3.772261063,,,,,,,,
4356.5,5102.91,3138.34,-3.772261063,,,,,,,,
4356.5,5102.91,3138.34,-3.772261063,,,,,,,,
4356.5,5102.91,3138.34,-3.772261063,,,,,,,,
4356.5,5102.91,3138.34,-3.772261063,,,,,,,,
4356.5,5102.91,3138.34,-3.772261063,,,,,,,,
4356.5,5102.91,3138.34,-3.772261063,,,,,,,,
4356.5,5102.91,3138.34,-3.772261063,,,,,,,,
4356.5,5102.91,3138.34,-3.772261063,,,,,,,,
4356.5,5102.91,3138.34,-3.772261063,,,,,,,,
4356.5,5102.91,3138.34,-3.772261063,,,,,,,,
4356.5,5102.91,3138.34,-3.772261063,,,,,,,,
4356.5,5102.91,3138.34,-3.772261063,,,,,,,,
4558.23,5458.75,2936.65,-0.5642264,,,,,,,,
4572,5323,3110.5,0.246078523,,,,,,,,
4495.81,5586.08,2908.69,-0.657780037,,,,,,,,
4662.43,5039.22,2873.16,-0.839329691,,,,,,,,
4609.74,5402.74,2885.74,-0.384192973,,,,,,,,
4325,5053,3092.5,-0.936493439,,,,,,,,
4646.77,5030.87,3008.94,-0.971803442,,,,,,,,
4546.89,5292.77,2913.18,0.111362468,,,,,,,,
4443.23,4912.34,2869.12,-0.192371893,,,,,,,,
4545.84,4907.35,3136.93,-1.249667764,,,,,,,,
4325,5053,2917.5,-0.764858028,,,,,,,,
4571.02,5340.38,2927.48,0.274596833,,,,,,,,
4314.79,4983.31,3055.23,-0.505506462,,,,,,,,
4521.41,4894.96,3040.76,-1.117795108,,,,,,,,
4246.9,5282.18,2926.71,-0.968637212,,,,,,,,
4560.73,5162.3,3101.88,-0.075585987,,,,,,,,
4464.5,5641.03,2844.32,-0.233193887,,,,,,,,
4401.68,5589.82,2938.62,-2.001000115,,,,,,,,
4401.68,5589.82,2938.62,-2.001000115,,,,,,,,
4401.68,5589.82,2938.62,-2.001000115,,,,,,,,
4284.51,5101.53,2951.75,-1.112305616,,,,,,,,
4750.9,4923.04,3028.5,-2.488914671,,,,,,,,
4750.9,4923.04,3028.5,-2.488914671,,,,,,,,
4750.9,4923.04,3028.5,-2.488914671,,,,,,,,
4750.9,4923.04,3028.5,-2.488914671,,,,,,,,
4750.9,4923.04,3028.5,-2.488914671,,,,,,,,
4750.9,4923.04,3028.5,-2.488914671,,,,,,,,
4750.9,4923.04,3028.5,-2.488914671,,,,,,,,
4630.78,5519.24,2818.36,0.12009148,,,,,,,,
4626.97,5166.21,2909.19,-0.252057561,,,,,,,,
4563.83,5463,3118.76,-4.297685486,,,,,,,,
4563.83,5463,3118.76,-4.297685486,,,,,,,,
4563.83,5463,3118.76,-4.297685486,,,,,,,,
4563.83,5463,3118.76,-4.297685486,,,,,,,,
4563.83,5463,3118.76,-4.297685486,,,,,,,,
4563.83,5463,3118.76,-4.297685486,,,,,,,,
4563.83,5463,3118.76,-4.297685486,,,,,,,,
4563.83,5463,3118.76,-4.297685486,,,,,,,,
4563.83,5463,3118.76,-4.297685486,,,,,,,,
4563.83,5463,3118.76,-4.297685486,,,,,,,,
4563.83,5463,3118.76,-4.297685486,,,,,,,,
4563.83,5463,3118.76,-4.297685486,,,,,,,,
4563.83,5463,3118.76,-4.297685486,,,,,,,,
4563.83,5463,3118.76,-4.297685486,,,,,,,,
4563.83,5463,3118.76,-4.297685486,,,,,,,,
4563.83,5463,3118.76,-4.297685486,,,,,,,,
4563.83,5463,3118.76,-4.297685486,,,,,,,,
4563.83,5463,3118.76,-4.297685486,,,,,,,,
4563.83,5463,3118.76,-4.297685486,,,,,,,,
4563.83,5463,3118.76,-4.297685486,,,,,,,,
4563.83,5463,3118.76,-4.297685486,,,,,,,,
4563.83,5463,3118.76,-4.297685486,,,,,,,,
4563.83,5463,3118.76,-4.297685486,,,,,,,,
4563.83,5463,3118.76,-4.297685486,,,,,,,,
4563.83,5463,3118.76,-4.297685486,,,,,,,,
4563.83,5463,3118.76,-4.297685486,,,,,,,,
4563.83,5463,3118.76,-4.297685486,,,,,,,,
4563.83,5463,3118.76,-4.297685486,,,,,,,,
4563.83,5463,3118.76,-4.297685486,,,,,,,,
4563.83,5463,3118.76,-4.297685486,,,,,,,,
4563.83,5463,3118.76,-4.297685486,,,,,,,,
4563.83,5463,3118.76,-4.297685486,,,,,,,,
4563.83,5463,3118.76,-4.297685486,,,,,,,,
4563.83,5463,3118.76,-4.297685486,,,,,,,,
4563.83,5463,3118.76,-4.297685486,,,,,,,,
4563.83,5463,3118.76,-4.297685486,,,,,,,,
4563.83,5463,3118.76,-4.297685486,,,,,,,,
4563.83,5463,3118.76,-4.297685486,,,,,,,,
4563.83,5463,3118.76,-4.297685486,,,,,,,,
4563.83,5463,3118.76,-4.297685486,,,,,,,,
4563.83,5463,3118.76,-4.297685486,,,,,,,,
4563.83,5463,3118.76,-4.297685486,,,,,,,,
4563.83,5463,3118.76,-4.297685486,,,,,,,,
4563.83,5463,3118.76,-4.297685486,,,,,,,,
4563.83,5463,3118.76,-4.297685486,,,,,,,,
4563.83,5463,3118.76,-4.297685486,,,,,,,,
4563.83,5463,3118.76,-4.297685486,,,,,,,,
4563.83,5463,3118.76,-4.297685486,,,,,,,,
4563.83,5463,3118.76,-4.297685486,,,,,,,,
4563.83,5463,3118.76,-4.297685486,,,,,,,,
4563.83,5463,3118.76,-4.297685486,,,,,,,,
4563.83,5463,3118.76,-4.297685486,,,,,,,,
4563.83,5463,3118.76,-4.297685486,,,,,,,,
4563.83,5463,3118.76,-4.297685486,,,,,,,,
4563.83,5463,3118.76,-4.297685486,,,,,,,,
4563.83,5463,3118.76,-4.297685486,,,,,,,,
4563.83,5463,3118.76,-4.297685486,,,,,,,,
4563.83,5463,3118.76,-4.297685486,,,,,,,,
4563.83,5463,3118.76,-4.297685486,,,,,,,,
4563.83,5463,3118.76,-4.297685486,,,,,,,,
4563.83,5463,3118.76,-4.297685486,,,,,,,,
4563.83,5463,3118.76,-4.297685486,,,,,,,,
4563.83,5463,3118.76,-4.297685486,,,,,,,,
4563.83,5463,3118.76,-4.297685486,,,,,,,,
4563.83,5463,3118.76,-4.297685486,,,,,,,,
4563.83,5463,3118.76,-4.297685486,,,,,,,,
4563.83,5463,3118.76,-4.297685486,,,,,,,,
4664.45,5461.35,3042.53,0.654718154,,,,,,,,
4664.45,5461.35,3042.53,0.654718154,,,,,,,,
4664.45,5461.35,3042.53,0.654718154,,,,,,,,
4664.45,5461.35,3042.53,0.654718154,,,,,,,,
4664.45,5461.35,3042.53,0.654718154,,,,,,,,
4601,5582.21,2847.48,-1.049822124,,,,,,,,
4785.15,5567.3,2891.29,-1.26940061,,,,,,,,
4659.25,5341.92,3016.02,0.610308902,,,,,,,,
4659.25,5341.92,3016.02,0.610308902,,,,,,,,
4659.25,5341.92,3016.02,0.610308902,,,,,,,,
4659.25,5341.92,3016.02,0.610308902,,,,,,,,
4659.25,5341.92,3016.02,0.610308902,,,,,,,,
4549.48,4911.79,2975,-1.325011133,,,,,,,,
4940.66,4631.05,3012.55,-3.789805373,,,,,,,,
4940.66,4631.05,3012.55,-3.789805373,,,,,,,,
4940.66,4631.05,3012.55,-3.789805373,,,,,,,,
4940.66,4631.05,3012.55,-3.789805373,,,,,,,,
4940.66,4631.05,3012.55,-3.789805373,,,,,,,,
4940.66,4631.05,3012.55,-3.789805373,,,,,,,,
4940.66,4631.05,3012.55,-3.789805373,,,,,,,,
4940.66,4631.05,3012.55,-3.789805373,,,,,,,,
4940.66,4631.05,3012.55,-3.789805373,,,,,,,,
4940.66,4631.05,3012.55,-3.789805373,,,,,,,,
4940.66,4631.05,3012.55,-3.789805373,,,,,,,,
4940.66,4631.05,3012.55,-3.789805373,,,,,,,,
4940.66,4631.05,3012.55,-3.789805373,,,,,,,,
4940.66,4631.05,3012.55,-3.789805373,,,,,,,,
4940.66,4631.05,3012.55,-3.789805373,,,,,,,,
4940.66,4631.05,3012.55,-3.789805373,,,,,,,,
4713.65,5102.77,3043.96,-0.054878662,,,,,,,,
4591.81,5166.88,2873.65,0.149626174,,,,,,,,
4452.69,5521.74,2814.02,-1.11078609,,,,,,,,
4777.31,5581.21,2946.67,-1.111697528,,,,,,,,
4751.85,5544.41,2828.1,-1.213349966,,,,,,,,
4656.49,5224,3016.84,-0.58554917,,,,,,,,
4622.3,5464,2919.9,-0.083381609,,,,,,,,
4431.7,5522.53,2966.79,-2.183913563,,,,,,,,
4431.7,5522.53,2966.79,-2.183913563,,,,,,,,
4431.7,5522.53,2966.79,-2.183913563,,,,,,,,
4598.79,5404.32,3065.88,0.801642777,,,,,,,,
4598.79,5404.32,3065.88,0.801642777,,,,,,,,
4598.79,5404.32,3065.88,0.801642777,,,,,,,,
4598.79,5404.32,3065.88,0.801642777,,,,,,,,
4598.79,5404.32,3065.88,0.801642777,,,,,,,,
4598.79,5404.32,3065.88,0.801642777,,,,,,,,
4598.79,5404.32,3065.88,0.801642777,,,,,,,,
4750.38,4923.26,2703.5,-1.427116356,,,,,,,,
4520.81,5463,3057.32,0.215756333,,,,,,,,
4374.09,5037.67,2873.34,-1.347073648,,,,,,,,
4572,5323,2835.5,-0.468404908,,,,,,,,
4554.46,5221.75,3063.45,0.56950954,,,,,,,,
4554.46,5221.75,3063.45,0.56950954,,,,,,,,
4554.46,5221.75,3063.45,0.56950954,,,,,,,,
4554.46,5221.75,3063.45,0.56950954,,,,,,,,
4554.46,5221.75,3063.45,0.56950954,,,,,,,,
4873.26,4632.58,2824.25,-2.937463365,,,,,,,,
4873.26,4632.58,2824.25,-2.937463365,,,,,,,,
4873.26,4632.58,2824.25,-2.937463365,,,,,,,,
4873.26,4632.58,2824.25,-2.937463365,,,,,,,,
4873.26,4632.58,2824.25,-2.937463365,,,,,,,,
4873.26,4632.58,2824.25,-2.937463365,,,,,,,,
4873.26,4632.58,2824.25,-2.937463365,,,,,,,,
4412.27,4980.37,2981.48,-1.566378423,,,,,,,,
4604.5,5464,2902.35,-0.381553288,,,,,,,,
4820.26,5218.6,2930.66,-1.560647748,,,,,,,,
4521.48,5168.23,2802.57,-0.486133011,,,,,,,,
4500.45,5339.15,2856.64,-0.628296208,,,,,,,,
4653.41,5642.59,2944.27,-0.708463885,,,,,,,,
4232.79,4983.6,2960.89,-0.533071233,,,,,,,,
4704.9,5799.25,2638.61,-0.675307262,,,,,,,,
4671.35,5225.42,3094.62,-2.082646673,,,,,,,,
4671.35,5225.42,3094.62,-2.082646673,,,,,,,,
4671.35,5225.42,3094.62,-2.082646673,,,,,,,,
4580,5463,2789.5,-0.152918106,,,,,,,,
4735.05,5523.06,3011.27,-1.766091722,,,,,,,,
4681.75,5163.83,3060.89,-0.649704623,,,,,,,,
4298.39,4983.37,3036.36,-1.348613294,,,,,,,,
4503.39,5163.77,3130.58,-3.358137892,,,,,,,,
4503.39,5163.77,3130.58,-3.358137892,,,,,,,,
4503.39,5163.77,3130.58,-3.358137892,,,,,,,,
4503.39,5163.77,3130.58,-3.358137892,,,,,,,,
4503.39,5163.77,3130.58,-3.358137892,,,,,,,,
4503.39,5163.77,3130.58,-3.358137892,,,,,,,,
4503.39,5163.77,3130.58,-3.358137892,,,,,,,,
4795.1,5581.74,2964.22,-2.837020582,,,,,,,,
4795.1,5581.74,2964.22,-2.837020582,,,,,,,,
4795.1,5581.74,2964.22,-2.837020582,,,,,,,,
4795.1,5581.74,2964.22,-2.837020582,,,,,,,,
4795.1,5581.74,2964.22,-2.837020582,,,,,,,,
4795.1,5581.74,2964.22,-2.837020582,,,,,,,,
4795.1,5581.74,2964.22,-2.837020582,,,,,,,,
4216.38,4983.66,2942.02,-0.522898205,,,,,,,,
4621.07,5642.93,2906.13,-1.016663706,,,,,,,,
4750.94,4923.03,3053.5,-3.132698129,,,,,,,,
4750.94,4923.03,3053.5,-3.132698129,,,,,,,,
4750.94,4923.03,3053.5,-3.132698129,,,,,,,,
4750.94,4923.03,3053.5,-3.132698129,,,,,,,,
4750.94,4923.03,3053.5,-3.132698129,,,,,,,,
4750.94,4923.03,3053.5,-3.132698129,,,,,,,,
4750.94,4923.03,3053.5,-3.132698129,,,,,,,,
4750.94,4923.03,3053.5,-3.132698129,,,,,,,,
4750.94,4923.03,3053.5,-3.132698129,,,,,,,,
4750.94,4923.03,3053.5,-3.132698129,,,,,,,,
4750.94,4923.03,3053.5,-3.132698129,,,,,,,,
4750.94,4923.03,3053.5,-3.132698129,,,,,,,,
4750.94,4923.03,3053.5,-3.132698129,,,,,,,,
4750.94,4923.03,3053.5,-3.132698129,,,,,,,,
4750.94,4923.03,3053.5,-3.132698129,,,,,,,,
4750.94,4923.03,3053.5,-3.132698129,,,,,,,,
4750.94,4923.03,3053.5,-3.132698129,,,,,,,,
4750.94,4923.03,3053.5,-3.132698129,,,,,,,,
4750.94,4923.03,3053.5,-3.132698129,,,,,,,,
4750.94,4923.03,3053.5,-3.132698129,,,,,,,,
4750.94,4923.03,3053.5,-3.132698129,,,,,,,,
4600.28,5226.54,3024.28,0.27778324,,,,,,,,
4335,5336,3082.5,-1.746403768,,,,,,,,
4536.78,5221.47,3045.77,0.149281703,,,,,,,,
4489.91,5161.19,3031.3,-1.510497965,,,,,,,,
4325,5053,2767.5,-0.599656837,,,,,,,,
4723.93,5579.62,2894.01,-1.150116132,,,,,,,,
4574.1,5522.03,3107.22,-1.956162526,,,,,,,,
4679.72,5165.19,2962.5,-0.84629836,,,,,,,,
4487.45,5538.2,3022.24,0.196224462,,,,,,,,
4513.04,5402.03,2889.74,0.226338442,,,,,,,,
4572,5323,2985.5,0.431262801,,,,,,,,
4742.18,5582.95,2989.15,-2.736449676,,,,,,,,
4742.18,5582.95,2989.15,-2.736449676,,,,,,,,
4742.18,5582.95,2989.15,-2.736449676,,,,,,,,
4742.18,5582.95,2989.15,-2.736449676,,,,,,,,
4742.18,5582.95,2989.15,-2.736449676,,,,,,,,
4742.18,5582.95,2989.15,-2.736449676,,,,,,,,
4742.18,5582.95,2989.15,-2.736449676,,,,,,,,
4498.28,5279.84,3032.27,-0.992631965,,,,,,,,
4511.16,5165.13,2985.39,-0.41521246,,,,,,,,
4548.46,5585.35,2962.1,-0.921303274,,,,,,,,
4691.88,5429.37,3037.5,-0.172212823,,,,,,,,
4534.62,5100.96,3043.94,0.203756838,,,,,,,,
4458,5399,3107.5,-1.764922815,,,,,,,,
4595.25,5165.49,2970.67,0.455397477,,,,,,,,
4471.17,5405.28,3084.23,0.04018179,,,,,,,,
4506.47,5463,3036.85,0.07881118,,,,,,,,
4515.03,5282,2863.03,-0.884307686,,,,,,,,
4478.65,4912.16,2904.42,-0.874189556,,,,,,,,
4655.73,4911.23,3080.88,-1.846426871,,,,,,,,
4714.88,5164.52,2998.04,-0.488086137,,,,,,,,
4610.46,5462.98,3080.53,1.030904306,,,,,,,,
4610.46,5462.98,3080.53,1.030904306,,,,,,,,
4610.46,5462.98,3080.53,1.030904306,,,,,,,,
4610.46,5462.98,3080.53,1.030904306,,,,,,,,
4610.46,5462.98,3080.53,1.030904306,,,,,,,,
4610.46,5462.98,3080.53,1.030904306,,,,,,,,
4610.46,5462.98,3080.53,1.030904306,,,,,,,,
4610.46,5462.98,3080.53,1.030904306,,,,,,,,
4507.9,5642.72,2972.01,-0.762282919,,,,,,,,
4458,5399,3082.5,-0.085557888,,,,,,,,
4612.55,5165.16,2988.71,-0.039156715,,,,,,,,
4711.3,5464,3007.67,-0.160168752,,,,,,,,
4586.69,5464,2884.79,-0.081861026,,,,,,,,
4580,5463,2914.5,0.060342229,,,,,,,,
4719.32,5520.17,2906.59,-0.774357236,,,,,,,,
4524.92,5403.19,3072.34,-0.212203611,,,,,,,,
4477.79,5463,2995.89,-0.956071602,,,,,,,,
4536.31,5641.78,2913.91,-0.899925378,,,,,,,,
4414.7,5162.99,3042.5,-1.025547718,,,,,,,,
4572.22,5642.15,2948.71,-0.921303274,,,,,,,,
4684.1,5522.95,3042.22,-0.351261054,,,,,,,,
4458,5399,3132.5,-3.713172147,,,,,,,,
4458,5399,3132.5,-3.713172147,,,,,,,,
4458,5399,3132.5,-3.713172147,,,,,,,,
4458,5399,3132.5,-3.713172147,,,,,,,,
4458,5399,3132.5,-3.713172147,,,,,,,,
4458,5399,3132.5,-3.713172147,,,,,,,,
4458,5399,3132.5,-3.713172147,,,,,,,,
4325,5053,2792.5,-0.410377152,,,,,,,,
4387.76,5590.63,2917.87,-2.120263536,,,,,,,,
4387.76,5590.63,2917.87,-2.120263536,,,,,,,,
4387.76,5590.63,2917.87,-2.120263536,,,,,,,,
4653.81,5582.23,2984.81,-0.49265832,,,,,,,,
4310.1,5042.8,3031.1,-0.928869514,,,,,,,,
4485.1,5522.34,3019.45,-0.088831214,,,,,,,,
4490.87,4879.46,2920.54,-0.937003773,,,,,,,,
4631.12,5523.94,3077.21,-0.740238788,,,,,,,,
4689.19,5402.95,3067.13,-0.342490309,,,,,,,,
4460.63,5400.26,3132.85,-3.713172147,,,,,,,,
4460.63,5400.26,3132.85,-3.713172147,,,,,,,,
4460.63,5400.26,3132.85,-3.713172147,,,,,,,,
4460.63,5400.26,3132.85,-3.713172147,,,,,,,,
4460.63,5400.26,3132.85,-3.713172147,,,,,,,,
4460.63,5400.26,3132.85,-3.713172147,,,,,,,,
4460.63,5400.26,3132.85,-3.713172147,,,,,,,,
4497.51,5417.84,2962.68,-0.918292735,,,,,,,,
4555.5,5701.47,2957.78,-0.588787165,,,,,,,,
4699.05,5163.5,3078.93,-1.413871129,,,,,,,,
4623.44,5492.81,3067.5,1.741272867,,,,,,,,
4623.44,5492.81,3067.5,1.741272867,,,,,,,,
4623.44,5492.81,3067.5,1.741272867,,,,,,,,
4623.44,5492.81,3067.5,1.741272867,,,,,,,,
4623.44,5492.81,3067.5,1.741272867,,,,,,,,
4623.44,5492.81,3067.5,1.741272867,,,,,,,,
4623.44,5492.81,3067.5,1.741272867,,,,,,,,
4623.44,5492.81,3067.5,1.741272867,,,,,,,,
4623.44,5492.81,3067.5,1.741272867,,,,,,,,
4623.44,5492.81,3067.5,1.741272867,,,,,,,,
4623.44,5492.81,3067.5,1.741272867,,,,,,,,
4623.44,5492.81,3067.5,1.741272867,,,,,,,,
4623.44,5492.81,3067.5,1.741272867,,,,,,,,
4623.44,5492.81,3067.5,1.741272867,,,,,,,,
4623.44,5492.81,3067.5,1.741272867,,,,,,,,
4623.44,5492.81,3067.5,1.741272867,,,,,,,,
4400.77,5405.58,2949.03,-1.072359918,,,,,,,,
4898.54,4632.01,2894.86,-2.861201381,,,,,,,,
4898.54,4632.01,2894.86,-2.861201381,,,,,,,,
4898.54,4632.01,2894.86,-2.861201381,,,,,,,,
4898.54,4632.01,2894.86,-2.861201381,,,,,,,,
4898.54,4632.01,2894.86,-2.861201381,,,,,,,,
4898.54,4632.01,2894.86,-2.861201381,,,,,,,,
4898.54,4632.01,2894.86,-2.861201381,,,,,,,,
4682.15,5461.78,3060.18,0.86617569,,,,,,,,
4682.15,5461.78,3060.18,0.86617569,,,,,,,,
4682.15,5461.78,3060.18,0.86617569,,,,,,,,
4682.15,5461.78,3060.18,0.86617569,,,,,,,,
4682.15,5461.78,3060.18,0.86617569,,,,,,,,
4682.15,5461.78,3060.18,0.86617569,,,,,,,,
4682.15,5461.78,3060.18,0.86617569,,,,,,,,
4553.38,5340.07,2909.77,0.064663513,,,,,,,,
4541.7,5522.21,2901.79,0.346988178,,,,,,,,
4554.26,5641.97,2931.31,-0.921303274,,,,,,,,
4526.05,5166.82,2898.49,-0.449730524,,,,,,,,
4513.36,5585.84,2926.5,-1.237874356,,,,,,,,
4320.51,5102.22,3045.04,-1.233058385,,,,,,,,
4691.96,5429.12,3062.5,-0.64055473,,,,,,,,
4335,5336,2982.5,-1.611439915,,,,,,,,
4622.33,5492.42,2992.51,-0.733969175,,,,,,,,
4380.54,4979.82,2942.84,-1.308592853,,,,,,,,
4821.07,5042.82,3066.34,-3.399199379,,,,,,,,
4821.07,5042.82,3066.34,-3.399199379,,,,,,,,
4821.07,5042.82,3066.34,-3.399199379,,,,,,,,
4821.07,5042.82,3066.34,-3.399199379,,,,,,,,
4821.07,5042.82,3066.34,-3.399199379,,,,,,,,
4821.07,5042.82,3066.34,-3.399199379,,,,,,,,
4821.07,5042.82,3066.34,-3.399199379,,,,,,,,
4667.4,5354.44,3060.4,-1.325763861,,,,,,,,
4500.41,5641.4,2879.12,-0.944690206,,,,,,,,
4749.13,5102.95,3079.19,-3.863232841,,,,,,,,
4749.13,5102.95,3079.19,-3.863232841,,,,,,,,
4749.13,5102.95,3079.19,-3.863232841,,,,,,,,
4749.13,5102.95,3079.19,-3.863232841,,,,,,,,
4749.13,5102.95,3079.19,-3.863232841,,,,,,,,
4749.13,5102.95,3079.19,-3.863232841,,,,,,,,
4749.13,5102.95,3079.19,-3.863232841,,,,,,,,
4749.13,5102.95,3079.19,-3.863232841,,,,,,,,
4749.13,5102.95,3079.19,-3.863232841,,,,,,,,
4749.13,5102.95,3079.19,-3.863232841,,,,,,,,
4749.13,5102.95,3079.19,-3.863232841,,,,,,,,
4749.13,5102.95,3079.19,-3.863232841,,,,,,,,
4749.13,5102.95,3079.19,-3.863232841,,,,,,,,
4749.13,5102.95,3079.19,-3.863232841,,,,,,,,
4749.13,5102.95,3079.19,-3.863232841,,,,,,,,
4749.13,5102.95,3079.19,-3.863232841,,,,,,,,
4292.58,5042.77,3013.27,-1.111697528,,,,,,,,
4684.83,5224,3086.28,-0.933436891,,,,,,,,
4564.9,5493.19,3065.5,0.534737444,,,,,,,,
4564.9,5493.19,3065.5,0.534737444,,,,,,,,
4564.9,5493.19,3065.5,0.534737444,,,,,,,,
4564.9,5493.19,3065.5,0.534737444,,,,,,,,
4564.9,5493.19,3065.5,0.534737444,,,,,,,,
4466.08,5220.36,2975.06,-1.463607464,,,,,,,,
4570,5184,2918.5,0.526856441,,,,,,,,
4570,5184,2918.5,0.526856441,,,,,,,,
4570,5184,2918.5,0.526856441,,,,,,,,
4570,5184,2918.5,0.526856441,,,,,,,,
4570,5184,2918.5,0.526856441,,,,,,,,
4504.28,5458.9,2974.65,-0.345028739,,,,,,,,
4709.48,5282,3057.48,-0.230923739,,,,,,,,
4721.42,5301.53,3048.89,0.703394497,,,,,,,,
4721.42,5301.53,3048.89,0.703394497,,,,,,,,
4721.42,5301.53,3048.89,0.703394497,,,,,,,,
4721.42,5301.53,3048.89,0.703394497,,,,,,,,
4721.42,5301.53,3048.89,0.703394497,,,,,,,,
4737.02,5520.35,2924.24,-0.917791858,,,,,,,,
4256.5,5458.64,2982,-1.545524587,,,,,,,,
4771.04,5343.02,3030.29,-1.827593922,,,,,,,,
4588.75,5432.36,3064.5,1.273013675,,,,,,,,
4588.75,5432.36,3064.5,1.273013675,,,,,,,,
4588.75,5432.36,3064.5,1.273013675,,,,,,,,
4588.75,5432.36,3064.5,1.273013675,,,,,,,,
4588.75,5432.36,3064.5,1.273013675,,,,,,,,
4588.75,5432.36,3064.5,1.273013675,,,,,,,,
4588.75,5432.36,3064.5,1.273013675,,,,,,,,
4588.75,5432.36,3064.5,1.273013675,,,,,,,,
4588.75,5432.36,3064.5,1.273013675,,,,,,,,
4588.75,5432.36,3064.5,1.273013675,,,,,,,,
4588.75,5432.36,3064.5,1.273013675,,,,,,,,
4588.75,5432.36,3064.5,1.273013675,,,,,,,,
4588.75,5432.36,3064.5,1.273013675,,,,,,,,
4588.75,5432.36,3064.5,1.273013675,,,,,,,,
4588.75,5432.36,3064.5,1.273013675,,,,,,,,
4588.75,5432.36,3064.5,1.273013675,,,,,,,,
4588.75,5432.36,3064.5,1.273013675,,,,,,,,
4588.75,5432.36,3064.5,1.273013675,,,,,,,,
4588.75,5432.36,3064.5,1.273013675,,,,,,,,
4588.75,5432.36,3064.5,1.273013675,,,,,,,,
4588.75,5432.36,3064.5,1.273013675,,,,,,,,
4572,5323,2760.5,-0.267356706,,,,,,,,
4648.49,5519.42,2836,0.426312941,,,,,,,,
4577.02,5308.19,2949.98,0.230158886,,,,,,,,
4150.26,5456.97,2876.12,-1.998783639,,,,,,,,
4150.26,5456.97,2876.12,-1.998783639,,,,,,,,
4150.26,5456.97,2876.12,-1.998783639,,,,,,,,
4150.26,5456.97,2876.12,-1.998783639,,,,,,,,
4150.26,5456.97,2876.12,-1.998783639,,,,,,,,
4150.26,5456.97,2876.12,-1.998783639,,,,,,,,
4150.26,5456.97,2876.12,-1.998783639,,,,,,,,
4150.26,5456.97,2876.12,-1.998783639,,,,,,,,
4150.26,5456.97,2876.12,-1.998783639,,,,,,,,
4150.26,5456.97,2876.12,-1.998783639,,,,,,,,
4150.26,5456.97,2876.12,-1.998783639,,,,,,,,
4525.7,5642.78,2989.56,-0.618039708,,,,,,,,
4547.76,5580.38,2878.74,-0.842111334,,,,,,,,
4345,5613,2940.5,-2.169803982,,,,,,,,
4345,5613,2940.5,-2.169803982,,,,,,,,
4345,5613,2940.5,-2.169803982,,,,,,,,
4560.04,5523.44,3006.87,0.405598433,,,,,,,,
4733.48,5402.95,3009.48,-0.078610401,,,,,,,,
4483.76,5220.64,2992.74,-1.87470639,,,,,,,,
4694.28,5224,3109.43,-2.339249077,,,,,,,,
4694.28,5224,3109.43,-2.339249077,,,,,,,,
4694.28,5224,3109.43,-2.339249077,,,,,,,,
4694.28,5224,3109.43,-2.339249077,,,,,,,,
4694.28,5224,3109.43,-2.339249077,,,,,,,,
4694.28,5224,3109.43,-2.339249077,,,,,,,,
4694.28,5224,3109.43,-2.339249077,,,,,,,,
4694.53,5342.54,3051.44,0.761739972,,,,,,,,
4694.53,5342.54,3051.44,0.761739972,,,,,,,,
4694.53,5342.54,3051.44,0.761739972,,,,,,,,
4694.53,5342.54,3051.44,0.761739972,,,,,,,,
4694.53,5342.54,3051.44,0.761739972,,,,,,,,
4694.53,5342.54,3051.44,0.761739972,,,,,,,,
4694.53,5342.54,3051.44,0.761739972,,,,,,,,
4529.21,5227.65,2953.94,-0.419462618,,,,,,,,
4516.92,5100.59,3026.3,0.058834786,,,,,,,,
4274.2,5458.91,2999.65,-1.925519459,,,,,,,,
4570,5184,3018.5,0.193755934,,,,,,,,
4641.83,5283.42,3066.12,-0.478358434,,,,,,,,
4527.51,4898.06,3064.8,-0.4522423,,,,,,,,
4529.14,5164.88,3002.75,0.465619031,,,,,,,,
4710.09,5029.21,3086.33,-2.095570924,,,,,,,,
4710.09,5029.21,3086.33,-2.095570924,,,,,,,,
4710.09,5029.21,3086.33,-2.095570924,,,,,,,,
4634.97,5576.98,2806.24,-1.303424883,,,,,,,,
4592.08,5315.89,2968.38,0.443916294,,,,,,,,
4666.03,5103.42,3091.95,-1.244794799,,,,,,,,
4615.11,5031.69,2970.25,-0.480943249,,,,,,,,
4663.11,5281.2,2937.1,-0.424342164,,,,,,,,
4507.71,5344.4,3014.5,-0.781322871,,,,,,,,
4750.7,4923.13,2903.5,-2.548485631,,,,,,,,
4750.7,4923.13,2903.5,-2.548485631,,,,,,,,
4750.7,4923.13,2903.5,-2.548485631,,,,,,,,
4750.7,4923.13,2903.5,-2.548485631,,,,,,,,
4750.7,4923.13,2903.5,-2.548485631,,,,,,,,
4750.7,4923.13,2903.5,-2.548485631,,,,,,,,
4750.7,4923.13,2903.5,-2.548485631,,,,,,,,
4492.68,5409.88,2960,-0.839561199,,,,,,,,
4626.04,5374.95,3090.5,0.739076112,,,,,,,,
4626.04,5374.95,3090.5,0.739076112,,,,,,,,
4626.04,5374.95,3090.5,0.739076112,,,,,,,,
4626.04,5374.95,3090.5,0.739076112,,,,,,,,
4626.04,5374.95,3090.5,0.739076112,,,,,,,,
4982.79,4630.1,3130.23,-3.729701449,,,,,,,,
4982.79,4630.1,3130.23,-3.729701449,,,,,,,,
4982.79,4630.1,3130.23,-3.729701449,,,,,,,,
4982.79,4630.1,3130.23,-3.729701449,,,,,,,,
4982.79,4630.1,3130.23,-3.729701449,,,,,,,,
4982.79,4630.1,3130.23,-3.729701449,,,,,,,,
4982.79,4630.1,3130.23,-3.729701449,,,,,,,,
4691.81,5282,3039.81,-0.07709705,,,,,,,,
4676.89,5342.23,3033.73,0.657830835,,,,,,,,
4676.89,5342.23,3033.73,0.657830835,,,,,,,,
4676.89,5342.23,3033.73,0.657830835,,,,,,,,
4676.89,5342.23,3033.73,0.657830835,,,,,,,,
4676.89,5342.23,3033.73,0.657830835,,,,,,,,
4629.85,5164.83,3006.76,-0.638658995,,,,,,,,
4678.29,5039.58,2892.48,-0.972861083,,,,,,,,
4619.05,5163.63,3089.58,-0.607336524,,,,,,,,
4751.49,5282.58,3025.48,-0.096951526,,,,,,,,
4327.63,5042.83,3048.93,-0.852377406,,,,,,,,
4325,5053,3067.5,-0.5642264,,,,,,,,
4468.27,5039.15,2990.08,0.292371062,,,,,,,,
4454.5,5642.53,2919.35,-0.888189302,,,,,,,,
4646.88,4983.43,2877.14,-0.076989042,,,,,,,,
4626.07,5642.72,3000.9,-1.413049098,,,,,,,,
4691.15,4911.05,3116.18,-2.569158202,,,,,,,,
4691.15,4911.05,3116.18,-2.569158202,,,,,,,,
4691.15,4911.05,3116.18,-2.569158202,,,,,,,,
4691.15,4911.05,3116.18,-2.569158202,,,,,,,,
4691.15,4911.05,3116.18,-2.569158202,,,,,,,,
4691.15,4911.05,3116.18,-2.569158202,,,,,,,,
4691.15,4911.05,3116.18,-2.569158202,,,,,,,,
4710.01,5370.09,3064.5,-0.95972029,,,,,,,,
4222.49,5042.65,2941.94,-0.968637212,,,,,,,,
4507.19,5403.53,3054.73,-0.228910146,,,,,,,,
4564.94,5493.12,3090.5,-2.116935746,,,,,,,,
4715.81,5402.92,2991.81,0.149626174,,,,,,,,
4716.35,5163.17,3096.98,-2.918771232,,,,,,,,
4716.35,5163.17,3096.98,-2.918771232,,,,,,,,
4716.35,5163.17,3096.98,-2.918771232,,,,,,,,
4716.35,5163.17,3096.98,-2.918771232,,,,,,,,
4716.35,5163.17,3096.98,-2.918771232,,,,,,,,
4716.35,5163.17,3096.98,-2.918771232,,,,,,,,
4716.35,5163.17,3096.98,-2.918771232,,,,,,,,
4698.46,5281.75,2972.45,-0.429245637,,,,,,,,
4448.36,5698.85,2852.83,-0.778269434,,,,,,,,
4583.5,5402.4,2960.69,0.242004559,,,,,,,,
4580,5463,3014.5,1.169070752,,,,,,,,
4580,5463,3014.5,1.169070752,,,,,,,,
4580,5463,3014.5,1.169070752,,,,,,,,
4580,5463,3014.5,1.169070752,,,,,,,,
4580,5463,3014.5,1.169070752,,,,,,,,
4580,5463,3014.5,1.169070752,,,,,,,,
4580,5463,3014.5,1.169070752,,,,,,,,
4580,5463,3014.5,1.169070752,,,,,,,,
4546.76,5040.38,3087.36,-0.317728994,,,,,,,,
4485.2,5585.01,3063.12,0.038836024,,,,,,,,
4593.63,5459.62,2971.94,0.315686269,,,,,,,,
4600.79,5581.3,2931.77,-0.293029679,,,,,,,,
4543.35,5166.49,2916.54,0.07862632,,,,,,,,
4751.16,5402.98,3027.16,-1.012801632,,,,,,,,
4678.43,5030.04,3047.64,-1.413871129,,,,,,,,
4450.18,5163.3,3077.73,-1.383897237,,,,,,,,
4732.46,5164.18,3015.8,-2.234926445,,,,,,,,
4732.46,5164.18,3015.8,-2.234926445,,,,,,,,
4732.46,5164.18,3015.8,-2.234926445,,,,,,,,
4757.61,5041.38,2989.07,-1.818925137,,,,,,,,
4578.44,5162.58,3119.53,-0.798507696,,,,,,,,
4652.34,5346.73,3041.99,0.09531018,,,,,,,,
4588.67,5340.69,2945.19,0.225540676,,,,,,,,
4630.07,5103.99,3057.22,-0.835171681,,,,,,,,
4576.12,5104.84,3005.12,-0.246156326,,,,,,,,
4729.1,5464,3025.22,-1.697176827,,,,,,,,
4662.14,5165.53,2944.73,-0.424342164,,,,,,,,
4556.4,5643.61,2829.87,-1.207980826,,,,,,,,
4671.58,5402.86,3049.39,0.272162261,,,,,,,,
4698.13,5402.89,2974.13,0.118138528,,,,,,,,
4618.73,5402.58,2996.17,-0.245900538,,,,,,,,
4561.3,5642.91,3024.67,-1.371997056,,,,,,,,
4646.56,5038.86,2853.84,-0.46203546,,,,,,,,
4670.55,5578.04,2841.35,-1.260190484,,,,,,,,
4347.5,5102.74,3115.01,-2.011409131,,,,,,,,
4347.5,5102.74,3115.01,-2.011409131,,,,,,,,
4347.5,5102.74,3115.01,-2.011409131,,,,,,,,
4609.07,5702.78,3010.25,-2.783851915,,,,,,,,
4609.07,5702.78,3010.25,-2.783851915,,,,,,,,
4609.07,5702.78,3010.25,-2.783851915,,,,,,,,
4609.07,5702.78,3010.25,-2.783851915,,,,,,,,
4609.07,5702.78,3010.25,-2.783851915,,,,,,,,
4609.07,5702.78,3010.25,-2.783851915,,,,,,,,
4609.07,5702.78,3010.25,-2.783851915,,,,,,,,
4572,5323,2935.5,0.420682074,,,,,,,,
4623.96,5341.31,2980.6,-0.069350078,,,,,,,,
4684.01,5103.14,3109.32,-3.313186504,,,,,,,,
4684.01,5103.14,3109.32,-3.313186504,,,,,,,,
4684.01,5103.14,3109.32,-3.313186504,,,,,,,,
4684.01,5103.14,3109.32,-3.313186504,,,,,,,,
4684.01,5103.14,3109.32,-3.313186504,,,,,,,,
4684.01,5103.14,3109.32,-3.313186504,,,,,,,,
4684.01,5103.14,3109.32,-3.313186504,,,,,,,,
4502.77,5420.36,2938.37,-0.116983355,,,,,,,,
4605.44,5102.44,3114.53,-1.947711771,,,,,,,,
4635.81,5225.98,3059.45,-0.84629836,,,,,,,,
4338.5,5102.57,3091.69,-1.244100595,,,,,,,,
4847.98,4633.15,2753.64,-1.394326533,,,,,,,,
4773.48,5041.74,3008.39,-2.047942875,,,,,,,,
4773.48,5041.74,3008.39,-2.047942875,,,,,,,,
4773.48,5041.74,3008.39,-2.047942875,,,,,,,,
4773.48,5041.74,3008.39,-2.047942875,,,,,,,,
4773.48,5041.74,3008.39,-2.047942875,,,,,,,,
4773.48,5041.74,3008.39,-2.047942875,,,,,,,,
4773.48,5041.74,3008.39,-2.047942875,,,,,,,,
4495.21,5542.29,2973.02,-0.533071233,,,,,,,,
4401.09,5642.35,2866.68,-3.772261063,,,,,,,,
4401.09,5642.35,2866.68,-3.772261063,,,,,,,,
4401.09,5642.35,2866.68,-3.772261063,,,,,,,,
4401.09,5642.35,2866.68,-3.772261063,,,,,,,,
4401.09,5642.35,2866.68,-3.772261063,,,,,,,,
4401.09,5642.35,2866.68,-3.772261063,,,,,,,,
4401.09,5642.35,2866.68,-3.772261063,,,,,,,,
4401.09,5642.35,2866.68,-3.772261063,,,,,,,,
4401.09,5642.35,2866.68,-3.772261063,,,,,,,,
4401.09,5642.35,2866.68,-3.772261063,,,,,,,,
4401.09,5642.35,2866.68,-3.772261063,,,,,,,,
4401.09,5642.35,2866.68,-3.772261063,,,,,,,,
4401.09,5642.35,2866.68,-3.772261063,,,,,,,,
4401.09,5642.35,2866.68,-3.772261063,,,,,,,,
4401.09,5642.35,2866.68,-3.772261063,,,,,,,,
4401.09,5642.35,2866.68,-3.772261063,,,,,,,,
4524.06,5643.95,2791.73,-1.470545914,,,,,,,,
4345,5613,3065.5,-2.488914671,,,,,,,,
4345,5613,3065.5,-2.488914671,,,,,,,,
4345,5613,3065.5,-2.488914671,,,,,,,,
4345,5613,3065.5,-2.488914671,,,,,,,,
4345,5613,3065.5,-2.488914671,,,,,,,,
4345,5613,3065.5,-2.488914671,,,,,,,,
4345,5613,3065.5,-2.488914671,,,,,,,,
4463.81,5099.48,2973.36,-1.31378767,,,,,,,,
4345,5613,2765.5,-2.783851915,,,,,,,,
4345,5613,2765.5,-2.783851915,,,,,,,,
4345,5613,2765.5,-2.783851915,,,,,,,,
4345,5613,2765.5,-2.783851915,,,,,,,,
4345,5613,2765.5,-2.783851915,,,,,,,,
4345,5613,2765.5,-2.783851915,,,,,,,,
4345,5613,2765.5,-2.783851915,,,,,,,,
4699.27,5523.31,2976.35,-0.267356706,,,,,,,,
4603.83,5746.64,2969.54,-0.906835573,,,,,,,,
4389.79,5037.92,2892.8,-0.615445673,,,,,,,,
4542.87,5343.97,3050.04,-1.713687934,,,,,,,,
4710.09,5370.6,2989.5,0.482549598,,,,,,,,
4521.13,5163.92,3148.19,-3.270169119,,,,,,,,
4521.13,5163.92,3148.19,-3.270169119,,,,,,,,
4521.13,5163.92,3148.19,-3.270169119,,,,,,,,
4521.13,5163.92,3148.19,-3.270169119,,,,,,,,
4521.13,5163.92,3148.19,-3.270169119,,,,,,,,
4521.13,5163.92,3148.19,-3.270169119,,,,,,,,
4521.13,5163.92,3148.19,-3.270169119,,,,,,,,
4436.24,5404.89,2984.27,-1.559695821,,,,,,,,
4678.43,5312.56,3071.51,-0.184884839,,,,,,,,
4565.71,5582.03,2812.06,-0.984034384,,,,,,,,
4806.14,5230.45,2947.55,-0.740238788,,,,,,,,
4572,5323,2910.5,0.422518863,,,,,,,,
4504.2,5105.97,2935.65,-0.532730459,,,,,,,,
4590.37,5224,2854.81,0.171260609,,,,,,,,
4466.22,5699.29,2870.32,-1.545524587,,,,,,,,
4749.66,5277.84,3015.11,0.23948923,,,,,,,,
4451.24,5523.32,3073.02,-0.85660773,,,,,,,,
4741.75,5041.02,2969.75,-1.145075163,,,,,,,,
4580,5463,2814.5,-0.046881986,,,,,,,,
4573.36,5701.91,2975.27,-0.910805802,,,,,,,,
4380.4,4983.09,3130.7,-1.663894098,,,,,,,,
4591.92,5524.06,2871.59,0.323531725,,,,,,,,
4697.68,5795.49,2662.25,-0.56457808,,,,,,,,
4567.19,4911.7,2992.65,-2.001000115,,,,,,,,
4539.73,4904.25,3112.89,-1.182863841,,,,,,,,
4199.98,4983.72,2923.15,-0.687165109,,,,,,,,
4567.62,5032.94,2912.21,-0.925331477,,,,,,,,
4627.7,5523.81,2906.51,0.270027137,,,,,,,,
4671.49,5582.54,3002.48,-1.008406021,,,,,,,,
4364.68,4979.54,2923.52,-1.378326191,,,,,,,,
4432.44,5163.15,3060.11,-0.517850239,,,,,,,,
4275.06,5042.74,2995.43,0.229046097,,,,,,,,
4486.22,5106.25,2918.29,-0.781322871,,,,,,,,
4459.87,4981.2,3039.43,-0.743178114,,,,,,,,
4238.68,5282.1,2903.1,-1.322381035,,,,,,,,
4592.76,5462.3,3062.88,1.314637229,,,,,,,,
4592.76,5462.3,3062.88,1.314637229,,,,,,,,
4592.76,5462.3,3062.88,1.314637229,,,,,,,,
4592.76,5462.3,3062.88,1.314637229,,,,,,,,
4592.76,5462.3,3062.88,1.314637229,,,,,,,,
4592.76,5462.3,3062.88,1.314637229,,,,,,,,
4592.76,5462.3,3062.88,1.314637229,,,,,,,,
4592.76,5462.3,3062.88,1.314637229,,,,,,,,
4592.76,5462.3,3062.88,1.314637229,,,,,,,,
4592.76,5462.3,3062.88,1.314637229,,,,,,,,
4592.76,5462.3,3062.88,1.314637229,,,,,,,,
4592.76,5462.3,3062.88,1.314637229,,,,,,,,
4592.76,5462.3,3062.88,1.314637229,,,,,,,,
4592.76,5462.3,3062.88,1.314637229,,,,,,,,
4592.76,5462.3,3062.88,1.314637229,,,,,,,,
4592.76,5462.3,3062.88,1.314637229,,,,,,,,
4592.76,5462.3,3062.88,1.314637229,,,,,,,,
4592.76,5462.3,3062.88,1.314637229,,,,,,,,
4592.76,5462.3,3062.88,1.314637229,,,,,,,,
4592.76,5462.3,3062.88,1.314637229,,,,,,,,
4592.76,5462.3,3062.88,1.314637229,,,,,,,,
4683.9,5519.79,2871.3,-0.801177925,,,,,,,,
4915.39,4631.63,2941.94,-3.713172147,,,,,,,,
4472.2,5160.91,3013.65,-1.217395825,,,,,,,,
4609.39,5166.54,2891.42,0.068966204,,,,,,,,
4689.12,5225.14,3112.21,-2.691193084,,,,,,,,
4689.12,5225.14,3112.21,-2.691193084,,,,,,,,
4689.12,5225.14,3112.21,-2.691193084,,,,,,,,
4689.12,5225.14,3112.21,-2.691193084,,,,,,,,
4689.12,5225.14,3112.21,-2.691193084,,,,,,,,
4689.12,5225.14,3112.21,-2.691193084,,,,,,,,
4689.12,5225.14,3112.21,-2.691193084,,,,,,,,
4335,5336,2807.5,-1.325011133,,,,,,,,
4312.67,5282.87,3115.59,-2.092324168,,,,,,,,
4759.52,5580.68,2929.12,-1.347843175,,,,,,,,
4255.12,5282.27,2950.32,-1.538047916,,,,,,,,
4221.08,5458.08,2946.71,-1.587676421,,,,,,,,
4777.9,5254.14,2981.33,0.051833149,,,,,,,,
4763.78,5265.99,2998.22,0.21446601,,,,,,,,
4433.59,5523.42,3055.31,-0.899925378,,,,,,,,
4580,5463,2764.5,-0.156419919,,,,,,,,
4572,5323,2685.5,0.017053755,,,,,,,,
4648.05,5103.71,3074.58,-0.646645347,,,,,,,,
4296.23,5282.7,3068.37,-1.545524587,,,,,,,,
4446.1,5099.11,2955.71,-0.842111334,,,,,,,,
4580,5463,3039.5,1.204352732,,,,,,,,
4580,5463,3039.5,1.204352732,,,,,,,,
4580,5463,3039.5,1.204352732,,,,,,,,
4580,5463,3039.5,1.204352732,,,,,,,,
4580,5463,3039.5,1.204352732,,,,,,,,
4580,5463,3039.5,1.204352732,,,,,,,,
4580,5463,3039.5,1.204352732,,,,,,,,
4580,5463,3039.5,1.204352732,,,,,,,,
4249.19,4983.54,2979.76,-1.505077897,,,,,,,,
4454.96,5345.04,2961.19,-1.158680815,,,,,,,,
4540.52,5458.32,2919,-0.570221834,,,,,,,,
4396.8,4983.03,3149.57,-3.244193633,,,,,,,,
4396.8,4983.03,3149.57,-3.244193633,,,,,,,,
4396.8,4983.03,3149.57,-3.244193633,,,,,,,,
4396.8,4983.03,3149.57,-3.244193633,,,,,,,,
4396.8,4983.03,3149.57,-3.244193633,,,,,,,,
4396.8,4983.03,3149.57,-3.244193633,,,,,,,,
4396.8,4983.03,3149.57,-3.244193633,,,,,,,,
4396.8,4983.03,3149.57,-3.244193633,,,,,,,,
4396.8,4983.03,3149.57,-3.244193633,,,,,,,,
4396.8,4983.03,3149.57,-3.244193633,,,,,,,,
4396.8,4983.03,3149.57,-3.244193633,,,,,,,,
4396.8,4983.03,3149.57,-3.244193633,,,,,,,,
4396.8,4983.03,3149.57,-3.244193633,,,,,,,,
4396.8,4983.03,3149.57,-3.244193633,,,,,,,,
4396.8,4983.03,3149.57,-3.244193633,,,,,,,,
4396.8,4983.03,3149.57,-3.244193633,,,,,,,,
4396.8,4983.03,3149.57,-3.244193633,,,,,,,,
4396.8,4983.03,3149.57,-3.244193633,,,,,,,,
4396.8,4983.03,3149.57,-3.244193633,,,,,,,,
4396.8,4983.03,3149.57,-3.244193633,,,,,,,,
4396.8,4983.03,3149.57,-3.244193633,,,,,,,,
4499.09,5544.34,2948.41,-0.5642264,,,,,,,,
4345,5613,3040.5,-2.324830702,,,,,,,,
4345,5613,3040.5,-2.324830702,,,,,,,,
4345,5613,3040.5,-2.324830702,,,,,,,,
4345,5613,3040.5,-2.324830702,,,,,,,,
4345,5613,3040.5,-2.324830702,,,,,,,,
4345,5613,3040.5,-2.324830702,,,,,,,,
4345,5613,3040.5,-2.324830702,,,,,,,,
4345.03,5460.03,3070.24,-1.497896538,,,,,,,,
4570,5184,2768.5,0.18248821,,,,,,,,
4335,5336,2832.5,-1.041287222,,,,,,,,
4577.3,5522.39,2936.9,0.103458708,,,,,,,,
4680.78,5281.47,2954.77,-0.643595402,,,,,,,,
4506.73,5523.07,2954.11,-0.652773286,,,,,,,,
4717.16,5523.19,2993.81,-0.818710404,,,,,,,,
4626.01,5374.98,3115.5,-1.650259907,,,,,,,,
4647.15,5164.49,3024.8,-0.396901877,,,,,,,,
4572,5323,3085.5,0.977649202,,,,,,,,
4572,5323,3085.5,0.977649202,,,,,,,,
4572,5323,3085.5,0.977649202,,,,,,,,
4572,5323,3085.5,0.977649202,,,,,,,,
4572,5323,3085.5,0.977649202,,,,,,,,
4572,5323,3085.5,0.977649202,,,,,,,,
4572,5323,3085.5,0.977649202,,,,,,,,
4796.25,5574.93,2912.35,-1.249667764,,,,,,,,
4583.11,5580.99,2914.1,-0.956071602,,,,,,,,
4725.03,4982.75,2974.69,-2.373007557,,,,,,,,
4725.03,4982.75,2974.69,-2.373007557,,,,,,,,
4725.03,4982.75,2974.69,-2.373007557,,,,,,,,
4725.03,4982.75,2974.69,-2.373007557,,,,,,,,
4725.03,4982.75,2974.69,-2.373007557,,,,,,,,
4725.03,4982.75,2974.69,-2.373007557,,,,,,,,
4725.03,4982.75,2974.69,-2.373007557,,,,,,,,
4657.9,5464,2955.01,-0.053189829,,,,,,,,
4629.04,5460.49,3007.24,-0.396901877,,,,,,,,
4545.42,5284.43,2951.22,-0.106694739,,,,,,,,
4583.45,5032.52,2931.56,-1.054404034,,,,,,,,
4638.77,5282,2986.77,-0.849099482,,,,,,,,
4345,5613,2840.5,-1.894456867,,,,,,,,
4572,5323,3010.5,0.507178983,,,,,,,,
4572,5323,3010.5,0.507178983,,,,,,,,
4572,5323,3010.5,0.507178983,,,,,,,,
4572,5323,3010.5,0.507178983,,,,,,,,
4572,5323,3010.5,0.507178983,,,,,,,,
4238.79,5458.36,2964.36,-1.06363132,,,,,,,,
4637.03,5163.38,3106.95,-1.259485514,,,,,,,,
4620.31,4911.42,3045.59,-2.249992643,,,,,,,,
4620.31,4911.42,3045.59,-2.249992643,,,,,,,,
4620.31,4911.42,3045.59,-2.249992643,,,,,,,,
4697.3,5164.86,2980.27,-0.717849793,,,,,,,,
4392.99,5097.99,2902.77,-1.354795694,,,,,,,,
4906.96,4631.82,2918.4,-2.718100537,,,,,,,,
4906.96,4631.82,2918.4,-2.718100537,,,,,,,,
4906.96,4631.82,2918.4,-2.718100537,,,,,,,,
4906.96,4631.82,2918.4,-2.718100537,,,,,,,,
4906.96,4631.82,2918.4,-2.718100537,,,,,,,,
4906.96,4631.82,2918.4,-2.718100537,,,,,,,,
4906.96,4631.82,2918.4,-2.718100537,,,,,,,,
4881.69,4632.39,2847.79,-2.292634762,,,,,,,,
4881.69,4632.39,2847.79,-2.292634762,,,,,,,,
4881.69,4632.39,2847.79,-2.292634762,,,,,,,,
4881.69,4632.39,2847.79,-2.292634762,,,,,,,,
4881.69,4632.39,2847.79,-2.292634762,,,,,,,,
4881.69,4632.39,2847.79,-2.292634762,,,,,,,,
4881.69,4632.39,2847.79,-2.292634762,,,,,,,,
4508.04,5422.87,2914.06,0.075849312,,,,,,,,
4602.6,4911.51,3027.94,-1.354020801,,,,,,,,
4699.35,5343.14,2960.57,-0.483534764,,,,,,,,
4475.19,5165.64,2950.65,-1.807888851,,,,,,,,
4691.8,5429.62,3012.5,0.265436464,,,,,,,,
4537.65,5701.04,2940.29,-0.575186383,,,,,,,,
4539.68,5460.26,3009.94,0.294756986,,,,,,,,
4572,5323,3060.5,1.25658423,,,,,,,,
4572,5323,3060.5,1.25658423,,,,,,,,
4572,5323,3060.5,1.25658423,,,,,,,,
4572,5323,3060.5,1.25658423,,,,,,,,
4572,5323,3060.5,1.25658423,,,,,,,,
4572,5323,3060.5,1.25658423,,,,,,,,
4572,5323,3060.5,1.25658423,,,,,,,,
4572,5323,3060.5,1.25658423,,,,,,,,
4572,5323,3060.5,1.25658423,,,,,,,,
4572,5323,3060.5,1.25658423,,,,,,,,
4572,5323,3060.5,1.25658423,,,,,,,,
4572,5323,3060.5,1.25658423,,,,,,,,
4572,5323,3060.5,1.25658423,,,,,,,,
4572,5323,3060.5,1.25658423,,,,,,,,
4572,5323,3060.5,1.25658423,,,,,,,,
4572,5323,3060.5,1.25658423,,,,,,,,
4572,5323,3060.5,1.25658423,,,,,,,,
4572,5323,3060.5,1.25658423,,,,,,,,
4572,5323,3060.5,1.25658423,,,,,,,,
4572,5323,3060.5,1.25658423,,,,,,,,
4572,5323,3060.5,1.25658423,,,,,,,,
4660.44,5102.49,2991.11,1.207526483,,,,,,,,
4660.44,5102.49,2991.11,1.207526483,,,,,,,,
4660.44,5102.49,2991.11,1.207526483,,,,,,,,
4660.44,5102.49,2991.11,1.207526483,,,,,,,,
4660.44,5102.49,2991.11,1.207526483,,,,,,,,
4660.44,5102.49,2991.11,1.207526483,,,,,,,,
4660.44,5102.49,2991.11,1.207526483,,,,,,,,
4660.44,5102.49,2991.11,1.207526483,,,,,,,,
4507.89,5644.12,2772.67,-2.18036746,,,,,,,,
4493.17,5165.39,2968.02,-1.666008264,,,,,,,,
4580,5463,3064.5,1.684508278,,,,,,,,
4580,5463,3064.5,1.684508278,,,,,,,,
4580,5463,3064.5,1.684508278,,,,,,,,
4580,5463,3064.5,1.684508278,,,,,,,,
4580,5463,3064.5,1.684508278,,,,,,,,
4580,5463,3064.5,1.684508278,,,,,,,,
4580,5463,3064.5,1.684508278,,,,,,,,
4580,5463,3064.5,1.684508278,,,,,,,,
4580,5463,3064.5,1.684508278,,,,,,,,
4580,5463,3064.5,1.684508278,,,,,,,,
4580,5463,3064.5,1.684508278,,,,,,,,
4580,5463,3064.5,1.684508278,,,,,,,,
4580,5463,3064.5,1.684508278,,,,,,,,
4580,5463,3064.5,1.684508278,,,,,,,,
4580,5463,3064.5,1.684508278,,,,,,,,
4580,5463,3064.5,1.684508278,,,,,,,,
4562.45,5040.63,3106.82,-0.771757581,,,,,,,,
4678.14,4983.16,2916.16,-1.588655373,,,,,,,,
4596.15,5162.86,3137.18,-3.604538306,,,,,,,,
4596.15,5162.86,3137.18,-3.604538306,,,,,,,,
4596.15,5162.86,3137.18,-3.604538306,,,,,,,,
4596.15,5162.86,3137.18,-3.604538306,,,,,,,,
4596.15,5162.86,3137.18,-3.604538306,,,,,,,,
4596.15,5162.86,3137.18,-3.604538306,,,,,,,,
4596.15,5162.86,3137.18,-3.604538306,,,,,,,,
4864.83,4632.77,2800.72,-1.377532855,,,,,,,,
4606.31,5341,2962.89,-0.305167387,,,,,,,,
4467.3,5522.4,3001.9,-0.800732391,,,,,,,,
4471.19,5522.82,2918.94,-1.118100965,,,,,,,,
4325,5053,2942.5,-0.995875211,,,,,,,,
4345,5613,2865.5,-2.071473372,,,,,,,,
4345,5613,2865.5,-2.071473372,,,,,,,,
4345,5613,2865.5,-2.071473372,,,,,,,,
4589.48,5102.12,2920.65,0.171260609,,,,,,,,
4516.76,5277.35,2876.37,-0.355532739,,,,,,,,
4470.5,5521.83,2831.58,-0.95191791,,,,,,,,
4436.88,5038.66,2951.17,-1.032824548,,,,,,,,
4671.59,5582.58,2918.31,-0.835171681,,,,,,,,
4466.44,4867.07,2824.37,-1.244447637,,,,,,,,
4580,5463,2989.5,0.818986565,,,,,,,,
4580,5463,2989.5,0.818986565,,,,,,,,
4580,5463,2989.5,0.818986565,,,,,,,,
4580,5463,2989.5,0.818986565,,,,,,,,
4580,5463,2989.5,0.818986565,,,,,,,,
4580,5463,2989.5,0.818986565,,,,,,,,
4580,5463,2989.5,0.818986565,,,,,,,,
4572.14,5222.03,3081.13,0.163478469,,,,,,,,
4588.95,5432.07,3114.5,-1.906497147,,,,,,,,
4601.06,5163.88,3072.22,-0.395118816,,,,,,,,
4762.95,5552.04,2849.16,-1.413871129,,,,,,,,
4265.59,4983.49,2998.62,-1.089454351,,,,,,,,
4709.4,4982.89,2955.18,-1.809109108,,,,,,,,
4415.24,5042.98,3138.08,-2.941244088,,,,,,,,
4415.24,5042.98,3138.08,-2.941244088,,,,,,,,
4415.24,5042.98,3138.08,-2.941244088,,,,,,,,
4415.24,5042.98,3138.08,-2.941244088,,,,,,,,
4415.24,5042.98,3138.08,-2.941244088,,,,,,,,
4415.24,5042.98,3138.08,-2.941244088,,,,,,,,
4415.24,5042.98,3138.08,-2.941244088,,,,,,,,
4774.05,5559.67,2870.22,-1.071775635,,,,,,,,
4549.49,5463,3098.28,-3.547379892,,,,,,,,
4549.49,5463,3098.28,-3.547379892,,,,,,,,
4549.49,5463,3098.28,-3.547379892,,,,,,,,
4549.49,5463,3098.28,-3.547379892,,,,,,,,
4549.49,5463,3098.28,-3.547379892,,,,,,,,
4549.49,5463,3098.28,-3.547379892,,,,,,,,
4549.49,5463,3098.28,-3.547379892,,,,,,,,
4521.98,5459.58,2992.3,-0.336592244,,,,,,,,
4531.83,5285.06,2894.77,-0.944690206,,,,,,,,
4484.08,5699.73,2887.81,-1.689563957,,,,,,,,
4572,5323,3035.5,0.095128345,,,,,,,,
4756.29,4982.48,3013.71,-2.606396547,,,,,,,,
4756.29,4982.48,3013.71,-2.606396547,,,,,,,,
4756.29,4982.48,3013.71,-2.606396547,,,,,,,,
4756.29,4982.48,3013.71,-2.606396547,,,,,,,,
4756.29,4982.48,3013.71,-2.606396547,,,,,,,,
4756.29,4982.48,3013.71,-2.606396547,,,,,,,,
4756.29,4982.48,3013.71,-2.606396547,,,,,,,,
4580,5463,2864.5,0.315686269,,,,,,,,
4502.9,5522.28,3037.01,-0.324346057,,,,,,,,
4570,5184,3143.5,-3.003764445,,,,,,,,
4691.72,5429.87,2987.5,0.832909123,,,,,,,,
4691.72,5429.87,2987.5,0.832909123,,,,,,,,
4691.72,5429.87,2987.5,0.832909123,,,,,,,,
4691.72,5429.87,2987.5,0.832909123,,,,,,,,
4691.72,5429.87,2987.5,0.832909123,,,,,,,,
4691.72,5429.87,2987.5,0.832909123,,,,,,,,
4691.72,5429.87,2987.5,0.832909123,,,,,,,,
4472.54,4870.17,2848.41,-0.960242619,,,,,,,,
4636.35,5402.68,3013.91,0.291175962,,,,,,,,
4345,5613,2965.5,-1.801809805,,,,,,,,
4347.6,4983.2,3092.96,-0.838866835,,,,,,,,
4515.3,4891.86,3016.72,-1.173120341,,,,,,,,
4572,5323,2885.5,-0.532730459,,,,,,,,
4518.36,5641.59,2896.52,-0.730226189,,,,,,,,
4555.07,4982.86,3155.34,-2.551046452,,,,,,,,
4555.07,4982.86,3155.34,-2.551046452,,,,,,,,
4555.07,4982.86,3155.34,-2.551046452,,,,,,,,
4555.07,4982.86,3155.34,-2.551046452,,,,,,,,
4555.07,4982.86,3155.34,-2.551046452,,,,,,,,
4555.07,4982.86,3155.34,-2.551046452,,,,,,,,
4555.07,4982.86,3155.34,-2.551046452,,,,,,,,
4335,5336,3057.5,-1.837594006,,,,,,,,
4638.02,4911.32,3063.24,-2.569158202,,,,,,,,
4638.02,4911.32,3063.24,-2.569158202,,,,,,,,
4638.02,4911.32,3063.24,-2.569158202,,,,,,,,
4638.02,4911.32,3063.24,-2.569158202,,,,,,,,
4638.02,4911.32,3063.24,-2.569158202,,,,,,,,
4638.02,4911.32,3063.24,-2.569158202,,,,,,,,
4638.02,4911.32,3063.24,-2.569158202,,,,,,,,
4490.1,5642.66,2954.45,-0.394821948,,,,,,,,
4678.81,5312.85,3096.5,-2.1680542,,,,,,,,
4678.81,5312.85,3096.5,-2.1680542,,,,,,,,
4678.81,5312.85,3096.5,-2.1680542,,,,,,,,
4652.76,5577.51,2823.79,-1.625567294,,,,,,,,
4580.92,5224,2831.67,-0.335752496,,,,,,,,
4624.96,5102.3,2955.88,-0.017146159,,,,,,,,
4519.11,5221.2,3028.1,-0.414909567,,,,,,,,
4588.55,5432.64,3014.5,1.161587088,,,,,,,,
4588.55,5432.64,3014.5,1.161587088,,,,,,,,
4588.55,5432.64,3014.5,1.161587088,,,,,,,,
4588.55,5432.64,3014.5,1.161587088,,,,,,,,
4588.55,5432.64,3014.5,1.161587088,,,,,,,,
4588.55,5432.64,3014.5,1.161587088,,,,,,,,
4588.55,5432.64,3014.5,1.161587088,,,,,,,,
4588.55,5432.64,3014.5,1.161587088,,,,,,,,
4281.99,4983.43,3017.49,-1.407313728,,,,,,,,
4580,5463,2889.5,-0.043534002,,,,,,,,
4374.74,5640.09,2757.33,-1.709810887,,,,,,,,
4753.12,5343.05,3012.86,-0.693147181,,,,,,,,
4484.76,4876.36,2896.5,-0.775225292,,,,,,,,
4551.79,5033.35,2892.87,-0.040613683,,,,,,,,
4457.21,5165.89,2933.29,-1.394326533,,,,,,,,
4792.02,5242.29,2964.44,-0.424342164,,,,,,,,
4805.2,5042.46,3047.02,-3.499913355,,,,,,,,
4805.2,5042.46,3047.02,-3.499913355,,,,,,,,
4805.2,5042.46,3047.02,-3.499913355,,,,,,,,
4805.2,5042.46,3047.02,-3.499913355,,,,,,,,
4805.2,5042.46,3047.02,-3.499913355,,,,,,,,
4805.2,5042.46,3047.02,-3.499913355,,,,,,,,
4805.2,5042.46,3047.02,-3.499913355,,,,,,,,
4564.86,5493.27,3040.5,0.58789777,,,,,,,,
4564.86,5493.27,3040.5,0.58789777,,,,,,,,
4564.86,5493.27,3040.5,0.58789777,,,,,,,,
4564.86,5493.27,3040.5,0.58789777,,,,,,,,
4564.86,5493.27,3040.5,0.58789777,,,,,,,,
4543.5,5642.84,3007.12,-0.618782099,,,,,,,,
4309.62,5459.47,3034.94,-1.799388496,,,,,,,,
4486.53,5523.14,3108.44,-2.105374924,,,,,,,,
4467.92,5163.46,3095.34,-0.8495671,,,,,,,,
4513.28,5284.77,2912.91,-1.394326533,,,,,,,,
4561.48,5284.26,2970.37,0.467751094,,,,,,,,
4468.23,5106.53,2900.92,-0.555125883,,,,,,,,
4932.24,4631.24,2989.01,-3.448288989,,,,,,,,
4932.24,4631.24,2989.01,-3.448288989,,,,,,,,
4932.24,4631.24,2989.01,-3.448288989,,,,,,,,
4932.24,4631.24,2989.01,-3.448288989,,,,,,,,
4932.24,4631.24,2989.01,-3.448288989,,,,,,,,
4932.24,4631.24,2989.01,-3.448288989,,,,,,,,
4932.24,4631.24,2989.01,-3.448288989,,,,,,,,
4482.45,5641.21,2861.72,-0.408269035,,,,,,,,
4570,5184,2993.5,0.651804217,,,,,,,,
4570,5184,2993.5,0.651804217,,,,,,,,
4570,5184,2993.5,0.651804217,,,,,,,,
4570,5184,2993.5,0.651804217,,,,,,,,
4570,5184,2993.5,0.651804217,,,,,,,,
4570,5184,2843.5,-0.126924694,,,,,,,,
4949.09,4630.86,3036.08,-3.352407217,,,,,,,,
4949.09,4630.86,3036.08,-3.352407217,,,,,,,,
4949.09,4630.86,3036.08,-3.352407217,,,,,,,,
4949.09,4630.86,3036.08,-3.352407217,,,,,,,,
4949.09,4630.86,3036.08,-3.352407217,,,,,,,,
4949.09,4630.86,3036.08,-3.352407217,,,,,,,,
4949.09,4630.86,3036.08,-3.352407217,,,,,,,,
4421.18,5038.41,2931.71,-0.257993829,,,,,,,,
4678.17,5102.58,3008.73,-0.128742876,,,,,,,,
4637.6,5224,2970.55,-0.546452801,,,,,,,,
4345,5613,2740.5,-2.88598141,,,,,,,,
4345,5613,2740.5,-2.88598141,,,,,,,,
4345,5613,2740.5,-2.88598141,,,,,,,,
4345,5613,2740.5,-2.88598141,,,,,,,,
4345,5613,2740.5,-2.88598141,,,,,,,,
4345,5613,2740.5,-2.88598141,,,,,,,,
4345,5613,2740.5,-2.88598141,,,,,,,,
4486.97,5412.82,3011.3,-0.551647618,,,,,,,,
4542.27,5523.32,2989.28,0.35641491,,,,,,,,
4618.71,5224,2924.25,-0.043742923,,,,,,,,
4579.1,5642.97,3042.22,-2.294616923,,,,,,,,
4579.1,5642.97,3042.22,-2.294616923,,,,,,,,
4579.1,5642.97,3042.22,-2.294616923,,,,,,,,
4579.1,5642.97,3042.22,-2.294616923,,,,,,,,
4579.1,5642.97,3042.22,-2.294616923,,,,,,,,
4579.1,5642.97,3042.22,-2.294616923,,,,,,,,
4579.1,5642.97,3042.22,-2.294616923,,,,,,,,
4291.91,5459.19,3017.3,-1.408131056,,,,,,,,
4558.14,5105.12,2987.75,-0.606969484,,,,,,,,
