X,Y,Z,IDS,KRIG,LOGKRIG,ANN
4350,4850,3150,0.04,0.04,0.04,0.05
4400,4850,3150,0.07,0.07,0.08,0.05
4450,4850,3150,0.08,0.07,0.09,0.05
4500,4850,3150,0.1,0.08,0.1,0.07
4550,4850,3150,0.11,0.1,0.12,0.05
4600,4850,3150,0.1,0.1,0.12,0.04
4350,4900,3150,0.04,0.05,0.05,0.05
4400,4900,3150,0.06,0.07,0.08,0.05
4450,4900,3150,0.07,0.07,0.09,0.06
4500,4900,3150,0.09,0.08,0.1,0.08
4550,4900,3150,0.11,0.09,0.11,0.06
4600,4900,3150,0.11,0.1,0.12,0.04
4350,4950,3150,0.04,0.04,0.05,0.05
4400,4950,3150,0.04,0.05,0.06,0.06
4450,4950,3150,0.06,0.06,0.08,0.06
4500,4950,3150,0.08,0.07,0.1,0.09
4550,4950,3150,0.09,0.08,0.11,0.07
4600,4950,3150,0.09,0.09,0.11,0.05
4350,5000,3150,0.04,0.04,0.05,0.05
4400,5000,3150,0.04,0.05,0.06,0.06
4450,5000,3150,0.05,0.06,0.07,0.06
4500,5000,3150,0.07,0.07,0.09,0.09
4550,5000,3150,0.08,0.07,0.09,0.08
4350,5050,3150,0.04,0.04,0.04,0.05
4500,5050,3150,0.06,0.06,0.08,0.1
4350,5100,3150,0.02,0.03,0.04,0.04
4400,5100,3150,0.03,0.04,0.05,0.05
4450,5100,3150,0.04,0.04,0.05,0.07
4500,5100,3150,0.05,0.05,0.06,0.11
4350,5150,3150,0.03,0.03,0.04,0.04
4400,5150,3150,0.03,0.04,0.04,0.05
4450,5150,3150,0.04,0.04,0.05,0.07
4500,5150,3150,0.04,0.04,0.06,0.12
4550,5150,3150,0.04,0.05,0.06,0.16
4350,5200,3150,0.03,0.04,0.04,0.04
4400,5200,3150,0.03,0.04,0.05,0.05
4450,5200,3150,0.04,0.04,0.05,0.07
4500,5200,3150,0.04,0.04,0.05,0.13
4550,5200,3150,0.05,0.05,0.05,0.21
4450,5250,3150,0.04,0.03,0.05,0.06
4350,4850,3125,0.23,0.24,0.32,0.15
4400,4850,3125,0.32,0.33,0.35,0.15
4450,4850,3125,0.34,0.33,0.36,0.15
4500,4850,3125,0.33,0.33,0.36,0.2
4550,4850,3125,0.31,0.3,0.29,0.15
4600,4850,3125,0.29,0.3,0.25,0.1
4650,4850,3125,0.22,0.29,0.2,0.07
4350,4900,3125,0.29,0.38,0.4,0.16
4400,4900,3125,0.32,0.39,0.39,0.16
4450,4900,3125,0.35,0.33,0.37,0.17
4500,4900,3125,0.33,0.33,0.38,0.23
4550,4900,3125,0.3,0.3,0.32,0.17
4600,4900,3125,0.29,0.3,0.25,0.11
4650,4900,3125,0.17,0.26,0.18,0.08
4350,4950,3125,0.23,0.32,0.34,0.16
4400,4950,3125,0.24,0.29,0.32,0.17
4450,4950,3125,0.37,0.34,0.38,0.18
4500,4950,3125,0.46,0.44,0.43,0.24
4550,4950,3125,0.35,0.3,0.34,0.21
4600,4950,3125,0.33,0.31,0.32,0.14
4650,4950,3125,0.15,0.16,0.18,0.09
4350,5000,3125,0.23,0.3,0.32,0.16
4400,5000,3125,0.22,0.27,0.33,0.18
4450,5000,3125,0.35,0.32,0.38,0.2
4500,5000,3125,0.55,0.5,0.42,0.26
4550,5000,3125,0.31,0.28,0.3,0.24
4600,5000,3125,0.25,0.21,0.2,0.16
4650,5000,3125,0.12,0.11,0.12,0.11
4350,5050,3125,0.26,0.25,0.3,0.15
4400,5050,3125,0.24,0.28,0.32,0.17
4450,5050,3125,0.29,0.27,0.32,0.21
4500,5050,3125,0.34,0.26,0.25,0.29
4550,5050,3125,0.23,0.23,0.22,0.29
4600,5050,3125,0.18,0.21,0.16,0.19
4650,5050,3125,0.09,0.08,0.08,0.13
4350,5100,3125,0.14,0.18,0.24,0.15
4400,5100,3125,0.2,0.21,0.27,0.17
4450,5100,3125,0.19,0.2,0.21,0.21
4500,5100,3125,0.19,0.22,0.2,0.31
4550,5100,3125,0.17,0.19,0.17,0.35
4600,5100,3125,0.14,0.14,0.11,0.24
4650,5100,3125,0.06,0.05,0.05,0.17
4350,5150,3125,0.18,0.2,0.24,0.14
4400,5150,3125,0.18,0.2,0.21,0.16
4450,5150,3125,0.21,0.29,0.22,0.21
4500,5150,3125,0.13,0.2,0.15,0.35
4550,5150,3125,0.36,0.35,0.21,0.45
4600,5150,3125,0.15,0.17,0.13,0.31
4650,5150,3125,0.04,0.05,0.04,0.21
4350,5200,3125,0.16,0.18,0.21,0.12
4400,5200,3125,0.14,0.12,0.16,0.15
4450,5200,3125,0.23,0.3,0.22,0.2
4500,5200,3125,0.21,0.24,0.18,0.38
4550,5200,3125,0.47,0.39,0.17,0.6
4600,5200,3125,0.2,0.21,0.1,0.4
4650,5200,3125,0.05,0.06,0.04,0.28
4350,5250,3125,0.12,0.12,0.15,0.11
4400,5250,3125,0.12,0.12,0.15,0.14
4450,5250,3125,0.22,0.26,0.2,0.18
4500,5250,3125,0.27,0.29,0.23,0.39
4550,5250,3125,0.24,0.29,0.2,0.77
4600,5250,3125,0.13,0.15,0.1,0.54
4650,5250,3125,0.06,0.06,0.05,0.36
4350,5300,3125,0.09,0.07,0.09,0.1
4400,5300,3125,0.07,0.06,0.07,0.13
4450,5300,3125,0.08,0.12,0.1,0.17
4500,5300,3125,0.12,0.12,0.09,0.36
4550,5300,3125,0.17,0.15,0.11,0.94
4600,5300,3125,0.17,0.16,0.13,0.72
4350,5350,3125,0.07,0.06,0.07,0.1
4400,5350,3125,0.05,0.06,0.06,0.12
4450,5350,3125,0.03,0.03,0.04,0.16
4500,5350,3125,0.07,0.12,0.07,0.32
4550,5350,3125,0.13,0.13,0.1,1.02
4600,5350,3125,0.15,0.14,0.13,0.86
4350,5400,3125,0.05,0.06,0.06,0.09
4400,5400,3125,0.03,0.05,0.05,0.11
4450,5400,3125,0.02,0.02,0.03,0.16
4500,5400,3125,0.03,0.04,0.03,0.29
4550,5400,3125,0.27,0.27,0.08,0.98
4600,5400,3125,0.22,0.19,0.15,1.06
4350,5450,3125,0.03,0.04,0.05,0.08
4400,5450,3125,0.02,0.03,0.03,0.1
4450,5450,3125,0.03,0.03,0.04,0.14
4500,5450,3125,0.02,0.02,0.03,0.25
4550,5450,3125,0.47,0.28,0.07,0.84
4350,5500,3125,0.03,0.03,0.04,0.07
4400,5500,3125,0.03,0.03,0.04,0.09
4450,5500,3125,0.04,0.04,0.04,0.12
4500,5500,3125,0.13,0.19,0.05,0.2
4550,5500,3125,0.23,0.06,0.06,0.63
4450,5550,3125,0.05,0.04,0.04,0.11
4500,5550,3125,0.1,0.24,0.05,0.17
4650,4850,3100,0.24,0.48,0.25,0.16
4700,4850,3100,0.14,0.35,0.18,0.11
4750,4850,3100,0.07,0.07,0.07,0.07
4400,4900,3100,0.46,0.52,0.66,0.41
4450,4900,3100,0.56,0.52,0.73,0.42
4500,4900,3100,0.65,0.58,0.78,0.56
4550,4900,3100,0.65,0.57,0.57,0.45
4600,4900,3100,0.45,0.49,0.37,0.29
4650,4900,3100,0.12,0.33,0.21,0.19
4700,4900,3100,0.09,0.29,0.17,0.12
4400,4950,3100,0.39,0.44,0.57,0.44
4450,4950,3100,0.56,0.53,0.72,0.46
4500,4950,3100,0.69,0.59,0.79,0.61
4550,4950,3100,0.63,0.55,0.64,0.53
4600,4950,3100,0.47,0.5,0.43,0.35
4650,4950,3100,0.22,0.38,0.26,0.22
4700,4950,3100,0.14,0.29,0.16,0.15
4400,5000,3100,0.37,0.41,0.53,0.47
4450,5000,3100,0.51,0.49,0.64,0.5
4500,5000,3100,0.72,0.63,0.78,0.66
4550,5000,3100,0.58,0.53,0.65,0.63
4600,5000,3100,0.5,0.5,0.5,0.42
4650,5000,3100,0.27,0.3,0.22,0.27
4700,5000,3100,0.21,0.3,0.17,0.18
4400,5050,3100,0.32,0.33,0.41,0.48
4450,5050,3100,0.45,0.45,0.61,0.53
4500,5050,3100,0.54,0.51,0.7,0.72
4550,5050,3100,0.48,0.53,0.71,0.75
4600,5050,3100,0.45,0.47,0.49,0.5
4650,5050,3100,0.29,0.34,0.29,0.33
4700,5050,3100,0.18,0.24,0.16,0.23
4400,5100,3100,0.33,0.34,0.46,0.48
4450,5100,3100,0.44,0.48,0.58,0.55
4500,5100,3100,0.63,0.63,0.75,0.78
4550,5100,3100,0.64,0.63,0.81,0.89
4600,5100,3100,0.54,0.49,0.58,0.61
4650,5100,3100,0.27,0.32,0.27,0.43
4700,5100,3100,0.1,0.14,0.11,0.31
4400,5150,3100,0.4,0.47,0.54,0.46
4450,5150,3100,0.46,0.5,0.59,0.55
4500,5150,3100,0.62,0.64,0.78,0.84
4550,5150,3100,0.9,0.82,1,1.08
4600,5150,3100,0.62,0.66,0.76,0.8
4650,5150,3100,0.31,0.27,0.26,0.57
4700,5150,3100,0.09,0.1,0.11,0.4
4750,5150,3100,0.08,0.09,0.09,0.32
4400,5200,3100,0.38,0.35,0.5,0.42
4450,5200,3100,0.58,0.74,0.79,0.52
4500,5200,3100,0.73,0.77,0.92,0.89
4550,5200,3100,0.95,0.92,1.17,1.43
4600,5200,3100,0.78,0.77,0.87,1.04
4650,5200,3100,0.21,0.23,0.24,0.75
4700,5200,3100,0.09,0.1,0.11,0.55
4750,5200,3100,0.08,0.09,0.1,0.46
4400,5250,3100,0.35,0.32,0.45,0.39
4450,5250,3100,0.83,0.92,1.03,0.48
4500,5250,3100,0.91,0.9,1.1,0.9
4550,5250,3100,1,0.99,1.3,1.88
4600,5250,3100,0.87,0.83,0.89,1.36
4650,5250,3100,0.11,0.12,0.14,0.97
4700,5250,3100,0.1,0.11,0.13,0.78
4400,5300,3100,0.26,0.3,0.3,0.37
4450,5300,3100,0.47,0.58,0.38,0.47
4500,5300,3100,0.93,0.89,0.6,0.86
4550,5300,3100,1.14,1.01,0.99,2.09
4600,5300,3100,1.09,1.03,0.86,1.76
4650,5300,3100,0.17,0.35,0.21,1.33
4700,5300,3100,0.11,0.11,0.11,1.03
4350,5350,3100,0.2,0.23,0.28,0.25
4400,5350,3100,0.15,0.17,0.18,0.36
4450,5350,3100,0.21,0.29,0.17,0.45
4500,5350,3100,0.51,0.63,0.33,0.78
4550,5350,3100,1.11,1.09,0.88,2.21
4600,5350,3100,1.57,1.44,0.87,2.04
4650,5350,3100,0.75,0.98,0.37,1.73
4350,5400,3100,0.19,0.17,0.22,0.23
4400,5400,3100,0.16,0.17,0.18,0.33
4450,5400,3100,0.15,0.26,0.16,0.44
4500,5400,3100,0.33,0.41,0.15,0.72
4550,5400,3100,0.83,1.01,0.38,2.15
4600,5400,3100,1.36,1.36,0.45,2.43
4650,5400,3100,0.46,0.66,0.14,1.9
4350,5450,3100,0.26,0.22,0.23,0.21
4400,5450,3100,0.17,0.21,0.21,0.3
4450,5450,3100,0.17,0.18,0.17,0.39
4500,5450,3100,0.28,0.31,0.14,0.63
4550,5450,3100,0.79,1.31,0.44,1.88
4600,5450,3100,2.6,2.41,0.78,2.68
4650,5450,3100,0.81,0.8,0.18,1.68
4350,5500,3100,0.27,0.31,0.31,0.18
4400,5500,3100,0.29,0.29,0.33,0.27
4450,5500,3100,0.45,0.39,0.38,0.35
4500,5500,3100,0.33,0.23,0.23,0.53
4550,5500,3100,0.42,0.43,0.22,1.39
4600,5500,3100,1.18,1.25,0.46,2.15
4350,5550,3100,0.33,0.32,0.35,0.16
4400,5550,3100,0.39,0.33,0.39,0.24
4450,5550,3100,0.47,0.43,0.29,0.31
4500,5550,3100,0.34,0.26,0.18,0.46
4550,5550,3100,0.2,0.17,0.13,0.92
4600,5550,3100,0.71,1.32,0.52,1.3
4400,5600,3100,0.34,0.21,0.17,0.21
4450,5600,3100,0.33,0.28,0.17,0.27
4500,5600,3100,0.11,0.18,0.09,0.38
4750,4850,3075,0.08,0.09,0.1,0.11
4800,4850,3075,0.07,0.07,0.08,0.08
4400,4900,3075,0.56,0.54,0.77,0.54
4450,4900,3075,0.55,0.52,0.74,0.62
4500,4900,3075,0.59,0.5,0.57,0.85
4550,4900,3075,0.58,0.53,0.49,0.73
4600,4900,3075,0.22,0.38,0.3,0.48
4650,4900,3075,0.13,0.16,0.15,0.31
4700,4900,3075,0.11,0.11,0.12,0.2
4750,4900,3075,0.06,0.07,0.09,0.13
4800,4900,3075,0.06,0.08,0.08,0.09
4400,4950,3075,0.54,0.54,0.68,0.56
4450,4950,3075,0.49,0.5,0.68,0.64
4500,4950,3075,0.47,0.45,0.56,0.89
4550,4950,3075,0.49,0.45,0.5,0.84
4600,4950,3075,0.28,0.42,0.35,0.57
4650,4950,3075,0.11,0.1,0.13,0.37
4700,4950,3075,0.1,0.1,0.12,0.24
4750,4950,3075,0.06,0.08,0.09,0.15
4800,4950,3075,0.05,0.06,0.07,0.1
4400,5000,3075,0.47,0.52,0.61,0.58
4450,5000,3075,0.43,0.43,0.53,0.66
4500,5000,3075,0.47,0.55,0.65,0.93
4550,5000,3075,0.59,0.67,0.76,0.95
4600,5000,3075,0.37,0.29,0.31,0.66
4650,5000,3075,0.16,0.22,0.2,0.45
4700,5000,3075,0.11,0.1,0.13,0.29
4750,5000,3075,0.08,0.07,0.09,0.19
4800,5000,3075,0.05,0.05,0.07,0.13
4400,5050,3075,0.37,0.41,0.42,0.61
4450,5050,3075,0.42,0.43,0.54,0.69
4500,5050,3075,0.56,0.65,0.75,0.98
4550,5050,3075,0.68,0.69,0.79,1.09
4600,5050,3075,0.71,0.68,0.67,0.77
4650,5050,3075,0.38,0.55,0.42,0.53
4700,5050,3075,0.13,0.16,0.15,0.36
4750,5050,3075,0.08,0.06,0.07,0.26
4800,5050,3075,0.04,0.05,0.05,0.2
4400,5100,3075,0.3,0.29,0.34,0.63
4450,5100,3075,0.44,0.44,0.5,0.74
4500,5100,3075,0.79,0.84,0.94,1.03
4550,5100,3075,1.12,1.02,1.09,1.26
4600,5100,3075,0.98,0.9,1.04,0.91
4650,5100,3075,0.52,0.55,0.55,0.65
4700,5100,3075,0.22,0.22,0.17,0.49
4750,5100,3075,0.02,0.06,0.05,0.37
4800,5100,3075,0.03,0.04,0.04,0.32
4400,5150,3075,0.27,0.29,0.32,0.61
4450,5150,3075,0.3,0.57,0.51,0.76
4500,5150,3075,0.77,0.77,0.77,1.1
4550,5150,3075,0.71,0.81,1.02,1.47
4600,5150,3075,0.7,0.75,0.92,1.09
4650,5150,3075,0.47,0.47,0.56,0.87
4700,5150,3075,0.26,0.29,0.26,0.67
4750,5150,3075,0.12,0.14,0.07,0.57
4800,5150,3075,0.03,0.08,0.04,0.45
4400,5200,3075,0.35,0.37,0.37,0.58
4450,5200,3075,0.56,0.84,0.71,0.72
4500,5200,3075,0.88,0.91,0.89,1.13
4550,5200,3075,1.17,1.13,1.27,1.78
4600,5200,3075,0.9,0.76,0.83,1.48
4650,5200,3075,0.39,0.39,0.47,1.18
4700,5200,3075,0.4,0.34,0.36,0.98
4750,5200,3075,0.24,0.21,0.12,0.79
4800,5200,3075,0.07,0.12,0.06,0.5
4400,5250,3075,0.48,0.61,0.5,0.55
4450,5250,3075,1.03,1.05,0.98,0.68
4500,5250,3075,1.35,1.32,1.64,1.13
4550,5250,3075,1.34,1.37,1.58,2.25
4600,5250,3075,1.01,0.86,0.95,1.99
4650,5250,3075,0.43,0.43,0.51,1.6
4700,5250,3075,0.4,0.35,0.34,1.41
4750,5250,3075,0.59,0.53,0.2,0.9
4400,5300,3075,0.57,0.72,0.63,0.51
4450,5300,3075,1.11,1.06,1.45,0.67
4500,5300,3075,1.47,1.48,1.67,1.18
4550,5300,3075,1.42,1.56,1.75,2.67
4600,5300,3075,2.32,2.49,2.13,2.45
4650,5300,3075,0.92,1.13,1.07,2.18
4700,5300,3075,2.04,1.43,0.85,1.65
4750,5300,3075,1.02,0.69,0.45,0.86
4400,5350,3075,0.54,0.43,0.51,0.5
4450,5350,3075,0.99,1.03,1.35,0.7
4500,5350,3075,1.16,1.16,1.46,1.18
4550,5350,3075,1.19,1.18,1.52,2.88
4600,5350,3075,2.06,2.32,2.67,2.97
4650,5350,3075,1.41,1.37,0.91,2.52
4700,5350,3075,0.76,0.84,0.58,1.54
4400,5400,3075,0.7,0.58,0.58,0.5
4450,5400,3075,0.93,0.91,1.01,0.71
4500,5400,3075,0.93,0.95,1.23,1.16
4550,5400,3075,1.47,1.57,1.81,2.95
4600,5400,3075,2.21,2.26,2.77,3.39
4650,5400,3075,1.3,1.26,1.01,2.38
4700,5400,3075,0.62,0.52,0.51,1.24
4400,5450,3075,0.61,0.64,0.65,0.46
4450,5450,3075,0.92,0.9,1.05,0.67
4500,5450,3075,1.16,1.16,1.47,1.08
4550,5450,3075,2.61,2.7,2.96,2.7
4600,5450,3075,3.61,3.5,4.16,3.18
4650,5450,3075,2.82,2.44,2.34,2.02
4400,5500,3075,0.57,0.63,0.61,0.42
4450,5500,3075,0.59,0.65,0.73,0.61
4500,5500,3075,0.84,0.81,0.71,0.94
4550,5500,3075,1.62,1.32,0.85,1.87
4600,5500,3075,3.5,3.1,2.63,2.48
4650,5500,3075,3.43,3.23,2.34,1.63
4350,5550,3075,0.35,0.5,0.29,0.26
4400,5550,3075,0.58,0.53,0.42,0.37
4450,5550,3075,0.68,0.66,0.72,0.54
4500,5550,3075,0.76,0.7,0.57,0.78
4550,5550,3075,0.54,0.6,0.49,1.17
4600,5550,3075,1.76,1.38,0.74,1.47
4350,5600,3075,0.11,0.31,0.21,0.23
4400,5600,3075,0.48,0.51,0.36,0.33
4450,5600,3075,0.79,0.67,0.6,0.46
4500,5600,3075,0.71,0.64,0.66,0.6
4550,5600,3075,0.74,0.84,0.68,0.72
4350,5650,3075,0.2,0.44,0.23,0.2
4400,5650,3075,0.45,0.53,0.34,0.28
4450,5650,3075,0.69,0.56,0.48,0.36
4500,5650,3075,0.72,0.55,0.6,0.44
4350,5700,3075,0.31,0.48,0.27,0.17
4400,5700,3075,0.51,0.55,0.36,0.23
4700,4900,3050,0.08,0.09,0.1,0.3
4750,4900,3050,0.05,0.07,0.07,0.19
4800,4900,3050,0.06,0.09,0.07,0.12
4450,4950,3050,0.54,0.53,0.67,0.6
4500,4950,3050,0.53,0.47,0.55,0.92
4550,4950,3050,0.41,0.41,0.43,1.03
4600,4950,3050,0.23,0.34,0.31,0.81
4650,4950,3050,0.13,0.15,0.17,0.54
4700,4950,3050,0.09,0.09,0.11,0.36
4750,4950,3050,0.05,0.07,0.08,0.22
4800,4950,3050,0.06,0.09,0.07,0.13
4450,5000,3050,0.53,0.51,0.68,0.61
4500,5000,3050,0.62,0.66,0.78,0.95
4550,5000,3050,0.7,0.73,0.89,1.14
4600,5000,3050,0.39,0.39,0.41,0.92
4650,5000,3050,0.34,0.43,0.35,0.65
4700,5000,3050,0.26,0.25,0.19,0.43
4750,5000,3050,0.08,0.1,0.1,0.25
4800,5000,3050,0.05,0.07,0.07,0.16
4450,5050,3050,0.69,0.73,0.89,0.63
4500,5050,3050,0.66,0.71,0.9,0.95
4550,5050,3050,0.77,0.74,0.92,1.27
4600,5050,3050,0.66,0.64,0.72,1.03
4650,5050,3050,0.41,0.42,0.49,0.75
4700,5050,3050,0.39,0.44,0.45,0.5
4750,5050,3050,0.29,0.23,0.17,0.31
4800,5050,3050,0.04,0.11,0.07,0.25
4450,5100,3050,0.6,0.64,0.75,0.65
4500,5100,3050,0.89,0.8,0.9,0.96
4550,5100,3050,0.82,0.93,1.13,1.4
4600,5100,3050,0.7,0.74,0.9,1.16
4650,5100,3050,0.53,0.58,0.77,0.85
4700,5100,3050,0.79,0.65,0.59,0.59
4750,5100,3050,0.34,0.27,0.19,0.42
4800,5100,3050,0.21,0.17,0.09,0.38
4450,5150,3050,0.55,0.66,0.69,0.64
4500,5150,3050,0.4,0.56,0.7,0.96
4550,5150,3050,0.86,0.8,0.96,1.53
4600,5150,3050,0.91,0.85,0.99,1.3
4650,5150,3050,0.61,0.63,0.79,1.02
4700,5150,3050,0.53,0.51,0.43,0.73
4750,5150,3050,0.2,0.24,0.16,0.62
4800,5150,3050,0.16,0.23,0.08,0.48
4450,5200,3050,0.59,0.72,0.77,0.62
4500,5200,3050,0.76,0.78,0.91,0.93
4550,5200,3050,0.94,0.89,1.03,1.62
4600,5200,3050,0.79,0.82,0.98,1.51
4650,5200,3050,0.54,0.55,0.7,1.29
4700,5200,3050,0.5,0.45,0.37,1.02
4750,5200,3050,0.27,0.35,0.21,0.8
4800,5200,3050,0.21,0.32,0.17,0.52
4450,5250,3050,0.82,0.79,0.97,0.58
4500,5250,3050,1.28,1.37,1.4,0.89
4550,5250,3050,1.31,1.38,1.65,1.73
4600,5250,3050,0.78,0.86,1.07,1.85
4650,5250,3050,0.61,0.67,0.84,1.64
4700,5250,3050,0.96,0.82,1.06,1.32
4750,5250,3050,0.81,0.69,0.76,0.88
4800,5250,3050,0.6,0.58,0.29,0.51
4450,5300,3050,0.86,0.8,0.98,0.55
4500,5300,3050,1.3,1.25,1.19,0.85
4550,5300,3050,1.91,1.82,1.42,2.04
4600,5300,3050,1.57,1.66,1.54,2.26
4650,5300,3050,1.07,1.06,1.36,2.04
4700,5300,3050,1.26,1.36,1.57,1.48
4750,5300,3050,1.09,1.12,1.02,0.85
4800,5300,3050,0.74,0.96,0.8,0.45
4450,5350,3050,0.66,0.7,0.82,0.55
4500,5350,3050,0.59,0.63,0.69,0.88
4550,5350,3050,0.48,1.31,1.02,2.24
4600,5350,3050,1.77,1.75,1.57,2.67
4650,5350,3050,1.07,1.04,1.14,2.15
4700,5350,3050,1.82,1.36,1.3,1.35
4750,5350,3050,1.34,1.21,1.25,0.75
4400,5400,3050,0.5,0.42,0.44,0.41
4450,5400,3050,0.6,0.64,0.74,0.59
4500,5400,3050,0.77,0.72,0.78,0.91
4550,5400,3050,2.13,1.83,1.53,2.36
4600,5400,3050,2.73,2.49,2.97,2.9
4650,5400,3050,1.17,1.2,1.28,2.03
4700,5400,3050,1.08,1,1.2,1.12
4400,5450,3050,0.38,0.38,0.43,0.41
4450,5450,3050,0.7,0.73,0.85,0.59
4500,5450,3050,1.03,1.01,1.19,0.91
4550,5450,3050,2.5,2.22,2.65,2.1
4600,5450,3050,2.95,2.79,3.37,2.78
4650,5450,3050,1.84,1.74,2.07,1.74
4700,5450,3050,1.62,1.51,1.64,0.9
4400,5500,3050,0.36,0.49,0.39,0.39
4450,5500,3050,0.61,0.77,0.76,0.57
4500,5500,3050,1.2,1.18,1.41,0.81
4550,5500,3050,1.88,1.64,2.09,1.59
4600,5500,3050,1.49,1.65,1.9,2.24
4650,5500,3050,1.56,1.47,1.74,1.37
4700,5500,3050,1.32,1.36,1.47,0.73
4400,5550,3050,0.4,0.5,0.38,0.37
4450,5550,3050,0.76,0.84,0.83,0.53
4500,5550,3050,1.21,1.19,1.43,0.73
4550,5550,3050,1.19,1.2,1.49,1.12
4600,5550,3050,0.96,0.84,0.78,1.39
4650,5550,3050,0.73,0.67,0.63,0.92
4350,5600,3050,0.12,0.26,0.21,0.24
4400,5600,3050,0.5,0.59,0.39,0.35
4450,5600,3050,0.99,0.93,0.96,0.48
4500,5600,3050,0.99,0.85,0.78,0.63
4550,5600,3050,0.52,0.59,0.48,0.77
4600,5600,3050,0.4,0.45,0.28,0.85
4650,5600,3050,0.24,0.34,0.28,0.62
4350,5650,3050,0.22,0.5,0.26,0.22
4400,5650,3050,0.48,0.61,0.38,0.3
4450,5650,3050,0.75,0.58,0.43,0.42
4500,5650,3050,0.77,0.75,0.54,0.5
4550,5650,3050,0.26,0.5,0.31,0.54
4350,5700,3050,0.31,0.48,0.3,0.19
4400,5700,3050,0.52,0.64,0.41,0.26
4450,5700,3050,0.61,0.56,0.35,0.34
4500,5700,3050,0.52,0.52,0.32,0.38
4450,4950,3025,0.53,0.49,0.6,0.59
4500,4950,3025,0.53,0.6,0.64,0.95
4550,4950,3025,0.43,0.5,0.58,1.08
4600,4950,3025,0.32,0.39,0.45,0.91
4650,4950,3025,0.25,0.23,0.29,0.69
4700,4950,3025,0.16,0.21,0.21,0.46
4750,4950,3025,0.09,0.12,0.12,0.29
4450,5000,3025,0.58,0.64,0.81,0.61
4500,5000,3025,0.81,0.71,0.85,0.95
4550,5000,3025,0.82,0.77,0.89,1.2
4600,5000,3025,0.65,0.74,0.78,1.02
4650,5000,3025,0.47,0.45,0.46,0.79
4700,5000,3025,0.24,0.22,0.22,0.54
4750,5000,3025,0.09,0.12,0.13,0.33
4450,5050,3025,0.78,0.72,0.85,0.63
4500,5050,3025,1.01,0.91,1.07,0.96
4550,5050,3025,1.02,1.02,1.25,1.32
4600,5050,3025,0.78,0.77,0.99,1.14
4650,5050,3025,0.51,0.51,0.6,0.87
4700,5050,3025,0.34,0.31,0.31,0.62
4750,5050,3025,0.15,0.2,0.17,0.39
4450,5100,3025,0.59,0.64,0.7,0.64
4500,5100,3025,0.99,0.96,0.98,0.96
4550,5100,3025,1.14,1.12,1.46,1.45
4600,5100,3025,0.93,1.01,1.24,1.27
4650,5100,3025,0.56,0.53,0.68,0.95
4700,5100,3025,0.36,0.38,0.45,0.69
4750,5100,3025,0.25,0.27,0.24,0.51
4450,5150,3025,0.37,0.55,0.48,0.64
4500,5150,3025,0.42,0.67,0.66,0.94
4550,5150,3025,1.51,1.32,1.39,1.56
4600,5150,3025,1.22,1.09,1.36,1.39
4650,5150,3025,0.65,0.59,0.68,1.03
4700,5150,3025,0.31,0.35,0.4,0.8
4750,5150,3025,0.25,0.26,0.25,0.67
4450,5200,3025,0.32,0.34,0.39,0.65
4500,5200,3025,0.64,0.67,0.67,0.91
4550,5200,3025,1.26,1.15,1.43,1.6
4600,5200,3025,1.2,1.13,1.36,1.47
4650,5200,3025,0.73,0.77,1,1.17
4700,5200,3025,0.46,0.54,0.52,1
4750,5200,3025,0.47,0.63,0.48,0.83
4450,5250,3025,0.29,0.32,0.34,0.61
4500,5250,3025,0.38,0.42,0.42,0.88
4550,5250,3025,0.93,0.95,1.11,1.63
4600,5250,3025,1.29,1.28,1.53,1.56
4650,5250,3025,0.93,1,1.24,1.33
4700,5250,3025,1.14,1.11,1.28,1.25
4750,5250,3025,1.21,1.07,1.16,0.9
4450,5300,3025,0.32,0.36,0.35,0.57
4500,5300,3025,0.4,0.46,0.48,0.81
4550,5300,3025,0.95,0.93,1.07,1.67
4600,5300,3025,1.56,1.58,1.95,1.66
4650,5300,3025,1.54,1.58,1.91,1.55
4700,5300,3025,1.3,1.4,1.67,1.32
4750,5300,3025,1.23,1.06,0.99,0.86
4800,5300,3025,0.88,0.77,0.7,0.49
4450,5350,3025,0.41,0.42,0.49,0.52
4500,5350,3025,0.52,0.58,0.68,0.75
4550,5350,3025,1.01,1.09,1.29,1.76
4600,5350,3025,1.83,1.78,2.05,1.79
4650,5350,3025,2.08,2.04,2.21,1.64
4700,5350,3025,1.49,1.39,1.55,1.21
4750,5350,3025,0.5,0.63,0.63,0.74
4800,5350,3025,0.38,0.45,0.45,0.43
4450,5400,3025,0.33,0.42,0.47,0.5
4500,5400,3025,0.57,0.72,0.71,0.76
4550,5400,3025,1.4,1.41,1.72,1.67
4600,5400,3025,1.88,1.95,2.09,1.93
4650,5400,3025,1.06,1.22,1.5,1.55
4700,5400,3025,1.2,1.16,1.34,1.04
4750,5400,3025,0.37,0.59,0.64,0.61
4800,5400,3025,0.42,0.46,0.38,0.35
4450,5450,3025,0.6,0.62,0.67,0.5
4500,5450,3025,0.9,0.83,0.89,0.73
4550,5450,3025,1.97,1.88,2.31,1.5
4600,5450,3025,2.81,2.66,2.71,1.84
4650,5450,3025,0.81,1.04,1.4,1.35
4700,5450,3025,0.9,0.77,0.69,0.86
4750,5450,3025,0.41,0.48,0.46,0.5
4800,5450,3025,0.42,0.51,0.39,0.29
4450,5500,3025,0.81,0.72,0.74,0.49
4500,5500,3025,0.89,0.87,1.13,0.69
4550,5500,3025,1.59,1.42,1.69,1.22
4600,5500,3025,2.08,2.08,2.13,1.57
4650,5500,3025,1.55,1.46,1.53,1.1
4700,5500,3025,0.88,0.85,0.79,0.7
4750,5500,3025,0.44,0.5,0.46,0.41
4450,5550,3025,0.8,0.73,0.75,0.47
4500,5550,3025,1.03,0.96,1.14,0.67
4550,5550,3025,0.98,0.97,1.25,0.93
4600,5550,3025,1.04,1.09,1.31,1.06
4650,5550,3025,0.92,0.89,1.01,0.79
4700,5550,3025,0.64,0.7,0.6,0.55
4400,5600,3025,0.46,0.5,0.39,0.31
4450,5600,3025,0.65,0.62,0.71,0.44
4500,5600,3025,0.74,0.66,0.74,0.61
4550,5600,3025,0.66,0.74,0.8,0.7
4600,5600,3025,0.75,0.64,0.6,0.71
4650,5600,3025,0.49,0.43,0.44,0.56
4700,5600,3025,0.35,0.42,0.38,0.4
4400,5650,3025,0.44,0.51,0.39,0.28
4450,5650,3025,0.61,0.55,0.49,0.41
4500,5650,3025,0.58,0.67,0.66,0.51
4550,5650,3025,0.28,0.36,0.4,0.52
4600,5650,3025,0.34,0.32,0.31,0.5
4650,5650,3025,0.12,0.24,0.23,0.39
4450,5700,3025,0.55,0.54,0.45,0.35
4500,5700,3025,0.5,0.6,0.5,0.4
4550,5700,3025,0.37,0.44,0.38,0.4
4750,4950,3000,0.1,0.12,0.14,0.34
4500,5000,3000,0.73,0.64,0.77,0.95
4550,5000,3000,0.49,0.47,0.49,1.25
4600,5000,3000,0.35,0.4,0.43,1
4650,5000,3000,0.5,0.72,0.41,0.73
4700,5000,3000,0.2,0.19,0.23,0.54
4750,5000,3000,0.11,0.13,0.16,0.38
4500,5050,3000,0.64,0.61,0.77,0.96
4550,5050,3000,0.71,0.72,0.87,1.37
4600,5050,3000,0.69,1.04,0.76,1.08
4650,5050,3000,0.62,0.93,0.78,0.8
4700,5050,3000,0.95,0.83,0.6,0.59
4750,5050,3000,0.2,0.45,0.28,0.44
4500,5100,3000,0.71,0.61,0.71,0.95
4550,5100,3000,0.59,0.74,0.86,1.44
4600,5100,3000,0.97,1.29,1.28,1.15
4650,5100,3000,2.88,1.99,1.35,0.87
4700,5100,3000,1.3,0.89,0.94,0.65
4750,5100,3000,0.75,0.87,0.53,0.52
4500,5150,3000,0.92,0.89,0.86,0.92
4550,5150,3000,1.36,1.34,1.49,1.46
4600,5150,3000,0.94,1.03,1.11,1.23
4650,5150,3000,1.03,1.17,1.17,0.93
4700,5150,3000,0.87,0.89,1.05,0.68
4750,5150,3000,0.82,0.9,0.65,0.69
4500,5200,3000,0.59,0.9,0.66,0.89
4550,5200,3000,2.42,2.37,2.09,1.45
4600,5200,3000,1.89,1.62,1.88,1.25
4650,5200,3000,0.68,0.71,0.89,0.96
4700,5200,3000,0.57,0.57,0.72,0.86
4750,5200,3000,0.73,0.69,0.9,0.81
4500,5250,3000,0.76,1.16,0.66,0.87
4550,5250,3000,2.74,2.51,1.83,1.42
4600,5250,3000,1.89,1.56,1.77,1.21
4650,5250,3000,0.75,0.78,0.89,1.04
4700,5250,3000,0.62,0.63,0.76,1.03
4750,5250,3000,0.99,0.89,0.94,0.87
4500,5300,3000,0.64,0.71,0.58,0.83
4550,5300,3000,1.58,1.73,1.57,1.32
4600,5300,3000,1.48,1.62,2.09,1.22
4650,5300,3000,1.49,1.67,1.51,1.2
4700,5300,3000,0.55,0.6,0.75,1.09
4750,5300,3000,0.8,0.83,0.92,0.82
4500,5350,3000,0.32,0.53,0.62,0.72
4550,5350,3000,1.37,1.27,1.32,1.25
4600,5350,3000,2.3,2.04,2.22,1.31
4650,5350,3000,4,2.99,2.64,1.3
4700,5350,3000,1.53,1.85,1.82,1.03
4750,5350,3000,0.72,0.8,1.03,0.71
4500,5400,3000,0.62,0.62,0.68,0.67
4550,5400,3000,0.91,0.91,1.1,1.18
4600,5400,3000,1.06,1.52,1.66,1.46
4650,5400,3000,1.57,1.74,1.86,1.26
4700,5400,3000,1.37,1.56,1.79,0.91
4750,5400,3000,1.05,1.09,1.29,0.59
4450,5450,3000,0.43,0.42,0.53,0.49
4500,5450,3000,0.69,0.63,0.81,0.66
4550,5450,3000,1.32,1.39,1.47,1.15
4600,5450,3000,1.06,1.24,1.22,1.44
4650,5450,3000,0.93,1.11,1.22,1.11
4700,5450,3000,1.31,1.41,1.54,0.77
4750,5450,3000,1.18,1.13,1.33,0.49
4800,5450,3000,0.86,0.79,0.76,0.32
4450,5500,3000,0.48,0.45,0.57,0.47
4500,5500,3000,0.71,0.73,0.86,0.63
4550,5500,3000,1.46,1.5,1.78,1
4600,5500,3000,1.06,1.24,1.4,1.25
4650,5500,3000,1.28,1.22,1.28,0.93
4700,5500,3000,0.77,0.89,0.88,0.63
4750,5500,3000,0.4,0.42,0.4,0.41
4450,5550,3000,0.5,0.51,0.55,0.44
4500,5550,3000,0.78,0.81,0.89,0.64
4550,5550,3000,1.3,1.19,1.37,0.83
4600,5550,3000,1.19,1.16,1.35,0.91
4650,5550,3000,1.31,1.13,1.03,0.71
4700,5550,3000,0.48,0.55,0.43,0.51
4750,5550,3000,0.23,0.24,0.22,0.35
4450,5600,3000,0.29,0.38,0.47,0.42
4500,5600,3000,0.51,0.5,0.63,0.59
4550,5600,3000,0.72,0.76,0.93,0.67
4600,5600,3000,0.6,0.59,0.67,0.66
4650,5600,3000,0.45,0.47,0.47,0.53
4700,5600,3000,0.23,0.21,0.21,0.39
4400,5650,3000,0.28,0.4,0.27,0.25
4450,5650,3000,0.4,0.41,0.38,0.39
4500,5650,3000,0.51,0.46,0.55,0.51
4550,5650,3000,0.53,0.48,0.57,0.53
4600,5650,3000,0.29,0.33,0.35,0.49
4650,5650,3000,0.22,0.21,0.22,0.4
4700,5650,3000,0.1,0.13,0.15,0.31
4750,5650,3000,0.13,0.17,0.15,0.24
4500,5700,3000,0.39,0.32,0.39,0.4
4550,5700,3000,0.3,0.33,0.34,0.42
4600,5700,3000,0.16,0.19,0.2,0.38
4650,5700,3000,0.14,0.14,0.16,0.3
4700,5700,3000,0.14,0.16,0.16,0.24
4750,5700,3000,0.14,0.17,0.13,0.2
4500,5000,2975,0.35,0.36,0.46,0.95
4550,5000,2975,0.49,0.48,0.64,1.13
4600,5000,2975,0.67,0.72,0.61,0.91
4650,5000,2975,0.6,0.64,0.47,0.69
4700,5000,2975,0.26,0.45,0.3,0.52
4500,5050,2975,0.39,0.36,0.49,0.93
4550,5050,2975,0.73,0.8,0.84,1.18
4600,5050,2975,0.83,1.1,1.17,0.98
4650,5050,2975,0.97,0.88,0.84,0.74
4700,5050,2975,0.59,0.66,0.57,0.56
4500,5100,2975,0.44,0.44,0.53,0.88
4550,5100,2975,0.72,0.84,0.95,1.22
4600,5100,2975,1.52,1.45,1.61,1.03
4650,5100,2975,2.05,1.56,1.46,0.8
4700,5100,2975,0.98,0.82,0.8,0.6
4500,5150,2975,0.45,0.55,0.55,0.83
4550,5150,2975,1.18,1.21,1.18,1.22
4600,5150,2975,1.6,1.5,1.84,1.07
4650,5150,2975,1.36,1.32,1.44,0.83
4700,5150,2975,0.57,0.78,0.85,0.65
4500,5200,2975,0.77,0.88,0.7,0.8
4550,5200,2975,2.01,2.01,1.85,1.21
4600,5200,2975,1.65,1.53,1.7,1.04
4650,5200,2975,0.78,0.82,0.93,0.84
4700,5200,2975,0.58,0.61,0.79,0.8
4500,5250,2975,1.12,1.16,0.93,0.77
4550,5250,2975,2.17,2.01,2.35,1.14
4600,5250,2975,1.02,1.16,1.24,1
4650,5250,2975,0.57,0.57,0.74,0.89
4700,5250,2975,0.65,0.68,0.88,0.93
4500,5300,2975,1.09,1.12,0.88,0.74
4550,5300,2975,1.5,1.48,1.73,1.05
4600,5300,2975,1.2,1.1,1.24,0.98
4650,5300,2975,0.59,0.63,0.82,1.05
4700,5300,2975,0.64,0.64,0.79,0.98
4500,5350,2975,0.47,0.61,0.67,0.7
4550,5350,2975,1.35,1.32,1.54,0.99
4600,5350,2975,0.88,1.03,1.24,1.11
4650,5350,2975,0.92,0.89,1.04,1.12
4700,5350,2975,0.65,0.72,0.94,0.95
4750,5350,2975,0.7,0.75,0.99,0.69
4500,5400,2975,0.56,0.53,0.6,0.63
4550,5400,2975,0.68,0.81,0.88,0.97
4600,5400,2975,0.59,0.78,1.03,1.22
4650,5400,2975,0.9,0.91,1.17,1.1
4700,5400,2975,1.12,0.99,1.19,0.85
4750,5400,2975,0.86,0.75,0.76,0.58
4500,5450,2975,0.65,0.57,0.66,0.62
4550,5450,2975,1.09,1.05,1.21,0.98
4600,5450,2975,1.34,1.18,1.4,1.25
4650,5450,2975,1.14,1.1,1.41,1
4700,5450,2975,1.09,1.06,1.32,0.73
4750,5450,2975,0.79,0.74,0.66,0.49
4500,5500,2975,0.93,0.91,0.85,0.61
4550,5500,2975,1.43,1.38,1.68,0.92
4600,5500,2975,1.21,1.24,1.62,1.12
4650,5500,2975,1.08,1.06,1.37,0.86
4700,5500,2975,0.79,0.78,0.79,0.61
4750,5500,2975,0.41,0.43,0.35,0.42
4800,5500,2975,0.15,0.31,0.2,0.29
4500,5550,2975,0.64,0.77,0.73,0.64
4550,5550,2975,1.06,1.04,1.17,0.8
4600,5550,2975,0.88,0.9,1.1,0.86
4650,5550,2975,0.69,0.71,0.88,0.68
4700,5550,2975,0.64,0.62,0.71,0.5
4750,5550,2975,0.29,0.31,0.25,0.36
4800,5550,2975,0.12,0.16,0.13,0.25
4500,5600,2975,0.62,0.6,0.67,0.6
4550,5600,2975,0.54,0.52,0.63,0.67
4600,5600,2975,0.5,0.51,0.63,0.66
4650,5600,2975,0.57,0.51,0.58,0.52
4700,5600,2975,0.35,0.35,0.42,0.4
4750,5600,2975,0.2,0.19,0.2,0.3
4800,5600,2975,0.09,0.19,0.14,0.22
4500,5650,2975,0.46,0.43,0.51,0.51
4550,5650,2975,0.4,0.42,0.54,0.54
4600,5650,2975,0.33,0.35,0.44,0.51
4650,5650,2975,0.3,0.34,0.4,0.4
4700,5650,2975,0.28,0.31,0.36,0.32
4750,5650,2975,0.26,0.29,0.24,0.25
4800,5650,2975,0.16,0.17,0.17,0.19
4600,5700,2975,0.38,0.37,0.47,0.4
4650,5700,2975,0.33,0.35,0.45,0.32
4700,5700,2975,0.29,0.31,0.41,0.26
4750,5700,2975,0.27,0.29,0.25,0.21
4800,5700,2975,0.19,0.18,0.19,0.17
4550,5050,2950,0.64,0.61,0.7,1.02
4600,5050,2950,0.59,0.91,0.82,0.88
4650,5050,2950,0.72,0.61,0.71,0.69
4700,5050,2950,0.54,0.57,0.62,0.54
4550,5100,2950,0.92,1.11,1.05,1.03
4600,5100,2950,1.31,1.31,1.32,0.92
4650,5100,2950,0.96,0.81,0.97,0.73
4700,5100,2950,0.71,0.73,0.85,0.58
4550,5150,2950,2.56,2.05,1.59,1.03
4600,5150,2950,2.59,2.26,2.32,0.9
4650,5150,2950,0.79,1.09,1.1,0.75
4700,5150,2950,0.57,0.71,0.8,0.65
4550,5200,2950,2.41,1.94,1.58,0.99
4600,5200,2950,2.32,2.01,1.98,0.89
4650,5200,2950,1.08,1.21,1.19,0.76
4700,5200,2950,0.57,0.59,0.75,0.79
4550,5250,2950,1.03,1.09,1.33,0.93
4600,5250,2950,1.17,1.26,1.55,0.88
4650,5250,2950,0.79,0.78,0.94,0.85
4700,5250,2950,0.6,0.63,0.79,0.88
4550,5300,2950,1.02,1.03,1.28,0.89
4600,5300,2950,1.06,1.07,1.31,0.87
4650,5300,2950,0.74,0.75,0.98,0.97
4700,5300,2950,0.62,0.66,0.83,0.94
4550,5350,2950,1.29,1.34,1.68,0.86
4600,5350,2950,1.26,1.3,1.62,1
4650,5350,2950,0.77,0.83,1.03,1.04
4700,5350,2950,0.63,0.66,0.81,0.92
4550,5400,2950,1.57,1.38,1.44,0.86
4600,5400,2950,1.32,1.19,1.45,1.12
4650,5400,2950,0.62,0.74,0.98,1.03
4700,5400,2950,0.67,0.7,0.87,0.83
4550,5450,2950,1.22,1.22,1.5,0.94
4600,5450,2950,1.23,1.21,1.52,1.14
4650,5450,2950,0.92,0.89,1.1,0.95
4700,5450,2950,0.79,0.82,1.01,0.71
4500,5500,2950,0.49,0.5,0.57,0.64
4550,5500,2950,0.95,0.93,1.12,0.91
4600,5500,2950,1.12,1.11,1.4,1.07
4650,5500,2950,0.95,0.98,1.27,0.83
4700,5500,2950,0.8,0.77,0.9,0.6
4750,5500,2950,0.41,0.47,0.59,0.43
4500,5550,2950,0.56,0.49,0.56,0.65
4550,5550,2950,0.53,0.6,0.73,0.82
4600,5550,2950,0.87,0.85,0.97,0.85
4650,5550,2950,0.84,0.81,0.98,0.69
4700,5550,2950,0.63,0.58,0.68,0.5
4750,5550,2950,0.4,0.4,0.51,0.37
4800,5550,2950,0.32,0.33,0.34,0.27
4500,5600,2950,0.48,0.51,0.65,0.6
4550,5600,2950,0.4,0.44,0.56,0.69
4600,5600,2950,0.57,0.55,0.66,0.67
4650,5600,2950,0.62,0.6,0.74,0.54
4700,5600,2950,0.38,0.45,0.56,0.41
4750,5600,2950,0.32,0.32,0.36,0.31
4800,5600,2950,0.2,0.24,0.26,0.23
4550,5650,2950,0.46,0.48,0.63,0.56
4600,5650,2950,0.47,0.49,0.65,0.52
4650,5650,2950,0.49,0.5,0.62,0.42
4700,5650,2950,0.48,0.53,0.59,0.34
4750,5650,2950,0.31,0.32,0.38,0.26
4800,5650,2950,0.25,0.29,0.28,0.2
4550,5050,2925,0.71,1.07,0.77,0.88
4600,5050,2925,0.48,0.54,0.63,0.79
4650,5050,2925,0.46,0.52,0.58,0.65
4550,5100,2925,1.21,1.25,1.27,0.88
4600,5100,2925,1.21,1.24,1.3,0.79
4650,5100,2925,1.14,1.29,1.11,0.69
4550,5150,2925,2.06,1.81,1.81,0.87
4600,5150,2925,1.85,1.76,1.92,0.79
4650,5150,2925,1.16,1.33,1.53,0.71
4550,5200,2925,1.69,1.28,1.3,0.84
4600,5200,2925,1.53,1.35,1.7,0.79
4650,5200,2925,1.01,1.04,1.26,0.72
4550,5250,2925,0.8,0.69,0.83,0.81
4600,5250,2925,0.98,0.94,1.2,0.8
4650,5250,2925,0.77,0.83,1.05,0.85
4550,5300,2925,1.11,1.04,1.16,0.79
4600,5300,2925,1.11,1.09,1.3,0.83
4650,5300,2925,0.73,0.83,1.05,0.95
4550,5350,2925,1.34,1.33,1.68,0.78
4600,5350,2925,1.27,1.14,1.4,0.96
4650,5350,2925,0.98,0.92,1.09,1
4550,5400,2925,1.38,1.21,1.38,0.84
4600,5400,2925,0.99,1.01,1.27,1.05
4650,5400,2925,0.56,0.71,0.94,0.99
4700,5400,2925,0.76,0.77,1,0.81
4550,5450,2925,0.64,0.8,0.99,0.94
4600,5450,2925,0.9,0.91,1.03,1.07
4650,5450,2925,0.81,0.79,0.98,0.92
4700,5450,2925,0.71,0.68,0.82,0.71
4550,5500,2925,1.05,1.02,1.16,0.92
4600,5500,2925,1.07,1.03,1.35,1.02
4650,5500,2925,0.9,0.91,1.14,0.82
4700,5500,2925,0.63,0.63,0.79,0.6
4550,5550,2925,0.92,0.82,0.88,0.83
4600,5550,2925,0.83,0.85,1.03,0.85
4650,5550,2925,0.7,0.7,0.8,0.69
4700,5550,2925,0.49,0.5,0.61,0.51
4750,5550,2925,0.34,0.35,0.44,0.37
4550,5600,2925,0.41,0.37,0.51,0.71
4600,5600,2925,0.6,0.56,0.67,0.68
4650,5600,2925,0.51,0.55,0.67,0.56
4700,5600,2925,0.46,0.45,0.55,0.42
4750,5600,2925,0.3,0.32,0.41,0.32
4650,5650,2925,0.6,0.58,0.69,0.44
4700,5650,2925,0.5,0.52,0.61,0.35
4750,5650,2925,0.38,0.41,0.49,0.27
4600,5100,2900,0.73,0.74,0.93,0.71
4650,5100,2900,0.62,0.64,0.75,0.67
4600,5150,2900,1.01,1,1.19,0.72
4650,5150,2900,0.89,0.88,1.07,0.68
4600,5200,2900,1.02,1.05,1.24,0.74
4650,5200,2900,0.91,0.89,1.09,0.73
4600,5250,2900,0.8,0.79,0.96,0.75
4650,5250,2900,0.76,0.78,1,0.86
4600,5300,2900,0.96,0.94,1.08,0.83
4650,5300,2900,0.78,0.82,1.02,0.95
4600,5350,2900,1.02,1.04,1.26,0.95
4650,5350,2900,0.82,0.85,1.01,0.98
4600,5400,2900,0.8,0.86,1.14,1.01
4650,5400,2900,0.73,0.75,0.97,0.95
4600,5450,2900,0.79,0.84,1.06,1.01
4650,5450,2900,0.89,0.91,1.12,0.88
4600,5500,2900,1.22,1.19,1.45,0.96
4650,5500,2900,1.04,0.9,0.93,0.79
4550,5550,2900,0.94,0.92,0.95,0.83
4600,5550,2900,1.17,1.02,1.04,0.84
4650,5550,2900,0.85,0.76,0.81,0.68
4700,5550,2900,0.33,0.33,0.42,0.51
4600,5600,2900,0.55,0.53,0.58,0.69
4650,5600,2900,0.46,0.51,0.59,0.56
4700,5600,2900,0.33,0.34,0.42,0.42
4750,5600,2900,0.3,0.32,0.38,0.32
