X,Y,Z,% Cu
4622.7,5492.55,3017.51,2.5158
4558.23,5458.75,2936.65,0.5688
4588.75,5432.36,3064.5,3.5716
4523.34,4982.31,3116.7,0.8342
4595.62,5343.32,3103.34,1.6052
4530.65,5402.12,2907.48,1.4448
4565.88,5402.31,2942.96,1.8258
4660.44,5102.49,2991.11,3.3452
4468.23,5106.53,2900.92,0.574
4345,5613,2840.5,0.1504
4580,5463,3064.5,5.3898
4694.53,5342.54,3051.44,2.142
4659.25,5341.92,3016.02,1.841
4641.6,5341.61,2998.31,4.5122
4694.53,5342.54,3051.44,2.142
4572,5323,3085.5,2.6582
4551.95,4910.45,3160.98,0.113
4709.48,5282,3057.48,0.7938
4572.14,5222.03,3081.13,1.1776
4694.53,5342.54,3051.44,2.142
4580,5463,3014.5,3.219
4571.02,5340.38,2927.48,1.316
4580,5463,3064.5,5.3898
4580,5463,3064.5,5.3898
4565.88,5402.31,2942.96,1.8258
4682.15,5461.78,3060.18,2.3778
4570,5184,3018.5,1.2138
4691.72,5429.87,2987.5,2.3
4707.3,5313.38,3065.78,3.029
4580,5463,3064.5,5.3898
4698.46,5281.75,2972.45,0.651
4626.04,5374.95,3090.5,2.094
4622.7,5492.55,3017.51,2.5158
4580,5463,3039.5,3.3346
4578.04,5343.54,3085.57,1.7028
4572.14,5222.03,3081.13,1.1776
4675.7,5464,2972.56,1.1312
4580,5463,3089.5,4.5002
4630.7,5522.67,2989.56,1.5676
4580,5463,3014.5,3.219
4580,5463,3089.5,4.5002
4572,5323,3085.5,2.6582
4572,5323,3085.5,2.6582
4345,5613,2815.5,0.1412
4577.02,5308.19,2949.98,1.2588
4580,5463,3039.5,3.3346
4588.65,5432.5,3039.5,2.9056
4310.1,5042.8,3031.1,0.395
4623.44,5492.81,3067.5,5.7046
4580,5463,3039.5,3.3346
4572,5323,2910.5,1.5258
4707.3,5313.38,3065.78,3.029
4580,5463,3064.5,5.3898
4581.1,5405.24,3048.24,2.982
4565.88,5402.31,2942.96,1.8258
4623.44,5492.81,3067.5,5.7046
4694.53,5342.54,3051.44,2.142
4580,5463,2939.5,1.3082
4560.04,5523.44,3006.87,1.5002
4580,5463,2939.5,1.3082
4548.46,5585.35,2962.1,0.398
4564.9,5493.19,3065.5,1.707
4627.7,5523.81,2906.51,1.31
4707.3,5313.38,3065.78,3.029
4588.75,5432.36,3064.5,3.5716
4460.94,4912.25,2886.77,0.618
4721.42,5301.53,3048.89,2.0206
4335,5336,2732.5,0.7815
4572,5323,2760.5,0.7654
4572,5323,3085.5,2.6582
4588.65,5432.5,3039.5,2.9056
4275.06,5042.74,2995.43,1.2574
4577.3,5522.39,2936.9,1.109
4564.86,5493.27,3040.5,1.8002
4488.96,5522.95,2936.53,0.4726
4630.07,5103.99,3057.22,0.4338
4581.1,5405.24,3048.24,2.982
4580,5463,3089.5,4.5002
4506.73,5523.07,2954.11,0.5206
4641.6,5341.61,2998.31,4.5122
4623.44,5492.81,3067.5,5.7046
4572,5323,3060.5,3.5134
4468.27,5039.15,2990.08,1.3396
4572,5323,3060.5,3.5134
4660.44,5102.49,2991.11,3.3452
4592.76,5462.3,3062.88,3.7234
4580,5463,3039.5,3.3346
4603.83,5746.64,2969.54,0.4038
4906.96,4631.82,2918.4,0.066
4622.7,5492.55,3017.51,2.5158
4595.62,5343.32,3103.34,1.6052
4581.1,5405.24,3048.24,2.982
4592.76,5462.3,3062.88,3.7234
4581.1,5405.24,3048.24,2.982
4626.97,5166.21,2909.19,0.7772
4577.02,5308.19,2949.98,1.2588
4580,5463,3014.5,3.219
4693.18,5325.23,3082.67,2.2652
4572,5323,3085.5,2.6582
4572,5323,2985.5,1.5392
4572,5323,3060.5,3.5134
4563.83,5463,3118.76,0.0136
4345,5613,2740.5,0.0558
4641.6,5341.61,2998.31,4.5122
4622.7,5492.55,3017.51,2.5158
4680.45,5402.86,2956.45,0.6738
4560.73,5162.3,3101.88,0.9272
4666.9,5312.91,3101.64,0.0872
4623.44,5492.81,3067.5,5.7046
4588.75,5432.36,3064.5,3.5716
4622.7,5492.55,3017.51,2.5158
4539.68,5460.26,3009.94,1.3428
4484.76,4876.36,2896.5,0.4606
4623.44,5492.81,3067.5,5.7046
4600.28,5226.54,3024.28,1.3202
4592.76,5462.3,3062.88,3.7234
4513.04,5583.4,3104.62,0.0214
4583.5,5402.4,2960.69,1.2738
4263.34,5282.35,2973.93,0.1668
4729.1,5464,3025.22,0.1832
4622.7,5492.55,3017.51,2.5158
4580,5463,3014.5,3.219
4500.45,5339.15,2856.64,0.5335
4572,5323,3085.5,2.6582
4580,5463,3064.5,5.3898
4646.88,4983.43,2877.14,0.9259
4150.26,5456.97,2876.12,0.1355
4531.83,5285.06,2894.77,0.3888
4564.86,5493.27,3040.5,1.8002
4598.79,5404.32,3065.88,2.2292
4691.88,5429.37,3037.5,0.8418
4623.44,5492.81,3067.5,5.7046
4572,5323,3060.5,3.5134
4257.53,5042.71,2977.6,0.6782
4572,5323,2835.5,0.626
4588.73,5643.27,2868,0.213
4523.34,4982.31,3116.7,0.8342
4572,5323,3085.5,2.6582
4694.53,5342.54,3051.44,2.142
4622.7,5492.55,3017.51,2.5158
4623.44,5492.81,3067.5,5.7046
4556.65,5167.56,2838.11,1.0052
4581.1,5405.24,3048.24,2.982
4588.65,5432.5,3039.5,2.9056
4567.19,4911.7,2992.65,0.1352
4623.44,5492.81,3067.5,5.7046
4710.09,5370.6,2989.5,1.6202
4588.65,5432.5,3039.5,2.9056
4623.44,5492.81,3067.5,5.7046
4582.51,5226.81,3006.7,1.8034
4592.08,5315.89,2968.38,1.5588
4659.25,5341.92,3016.02,1.841
4676.89,5342.23,3033.73,1.9306
4582.51,5226.81,3006.7,1.8034
4581.1,5405.24,3048.24,2.982
4622.7,5492.55,3017.51,2.5158
4622.21,5331.31,3005.19,2.2818
4327.63,5042.83,3048.93,0.4264
4502.96,5546.38,2923.79,0.72
4638.02,4911.32,3063.24,0.0766
4580,5463,3039.5,3.3346
4572,5323,2910.5,1.5258
4684.1,5522.95,3042.22,0.7038
4572,5323,2985.5,1.5392
4693.18,5325.23,3082.67,2.2652
4472.54,4870.17,2848.41,0.3828
4694.53,5342.54,3051.44,2.142
4572,5323,3085.5,2.6582
4581.1,5405.24,3048.24,2.982
4682.15,5461.78,3060.18,2.3778
4557.37,5460.94,3027.59,1.784
4679.72,5165.19,2962.5,0.429
4645.43,5280.92,2919.42,0.6542
4622.7,5492.55,3017.51,2.5158
4674.13,5282,3022.13,1.1746
4580,5463,3064.5,5.3898
4588.55,5432.64,3014.5,3.195
4648.5,5522.77,3007.12,1.8648
4580,5463,3114.5,2.385
4578.04,5343.54,3085.57,1.7028
4498.28,5279.84,3032.27,0.3706
4684.01,5103.14,3109.32,0.0364
4618.71,5224,2924.25,0.9572
4598.79,5404.32,3065.88,2.2292
4670.55,5578.04,2841.35,0.2836
4721.42,5301.53,3048.89,2.0206
4275.06,5042.74,2995.43,1.2574
4610.46,5462.98,3080.53,2.8036
4580,5463,3114.5,2.385
4580,5463,3114.5,2.385
4557.37,5460.94,3027.59,1.784
4580,5463,3064.5,5.3898
4609.74,5402.74,2885.74,0.681
4580,5463,3064.5,5.3898
4593.63,5459.62,2971.94,1.3712
4616.47,5403.39,3083.53,1.65
4572,5323,3110.5,1.279
4623.44,5492.81,3067.5,5.7046
4662.77,5402.83,2938.77,0.5598
4681.42,5343.17,2943.14,0.797
4519.79,5700.6,2922.8,0.3378
4645.43,5280.92,2919.42,0.6542
4565.88,5402.31,2942.96,1.8258
4582.51,5226.81,3006.7,1.8034
4492.13,5463,3016.37,0.8388
4580,5463,3089.5,4.5002
4750.94,4923.03,3053.5,0.0436
4199.98,4983.72,2923.15,0.503
4591.92,5524.06,2871.59,1.382
4572,5323,3110.5,1.279
4664.45,5461.35,3042.53,1.9246
4588.75,5432.36,3064.5,3.5716
4571.02,5340.38,2927.48,1.316
4581.1,5405.24,3048.24,2.982
4610.46,5462.98,3080.53,2.8036
4588.67,5340.69,2945.19,1.253
4648.5,5522.77,3007.12,1.8648
4694.53,5342.54,3051.44,2.142
4588.65,5432.5,3039.5,2.9056
4515.03,5282,2863.03,0.413
4570,5184,2918.5,1.6936
4664.45,5461.35,3042.53,1.9246
4623.44,5492.81,3067.5,5.7046
4451.24,5523.32,3073.02,0.4246
4392.99,5097.99,2902.77,0.258
4560.04,5523.44,3006.87,1.5002
4415.24,5042.98,3138.08,0.0528
4562.45,5040.63,3106.82,0.4622
4610.46,5462.98,3080.53,2.8036
4580,5463,3064.5,5.3898
4598.79,5404.32,3065.88,2.2292
4421.18,5038.41,2931.71,0.7726
4623.44,5492.81,3067.5,5.7046
4596.15,5162.86,3137.18,0.0272
4580,5463,2764.5,0.8552
4572,5323,3085.5,2.6582
4592.76,5462.3,3062.88,3.7234
4580,5463,3039.5,3.3346
4623.44,5492.81,3067.5,5.7046
4664.45,5461.35,3042.53,1.9246
4641.6,5341.61,2998.31,4.5122
4622.7,5492.55,3017.51,2.5158
4592.76,5462.3,3062.88,3.7234
4580,5463,3064.5,5.3898
4713.65,5102.77,3043.96,0.9466
4572,5323,3085.5,2.6582
4572,5323,2960.5,1.1192
4623.44,5492.81,3067.5,5.7046
4588.55,5432.64,3014.5,3.195
4622.7,5492.55,3017.51,2.5158
4664.45,5461.35,3042.53,1.9246
4577.3,5522.39,2936.9,1.109
4588.55,5432.64,3014.5,3.195
4589.81,5222.31,3098.81,0.8176
4707.3,5313.38,3065.78,3.029
4622.7,5492.55,3017.51,2.5158
4693.18,5325.23,3082.67,2.2652
4598.79,5404.32,3065.88,2.2292
4676.89,5342.23,3033.73,1.9306
4610.46,5462.98,3080.53,2.8036
4626.04,5374.95,3090.5,2.094
4660.44,5102.49,2991.11,3.3452
4623.44,5492.81,3067.5,5.7046
4557.37,5460.94,3027.59,1.784
4570,5184,2993.5,1.919
4682.15,5461.78,3060.18,2.3778
4570,5184,2793.5,0.705
4606.31,5341,2962.89,0.737
4486.63,5261.93,2839.57,0.173
4588.75,5432.36,3064.5,3.5716
4556.65,5167.56,2838.11,1.0052
4660.44,5102.49,2991.11,3.3452
4545.84,4907.35,3136.93,0.2866
4610.46,5462.98,3080.53,2.8036
4588.75,5432.36,3064.5,3.5716
4572,5323,3085.5,2.6582
4623.44,5492.81,3067.5,5.7046
4622.7,5492.55,3017.51,2.5158
4588.55,5432.64,3014.5,3.195
4557.37,5460.94,3027.59,1.784
4580,5463,3064.5,5.3898
4588.65,5432.5,3039.5,2.9056
4707.3,5313.38,3065.78,3.029
4580,5463,2964.5,1.4402
4623.44,5492.81,3067.5,5.7046
4641.6,5341.61,2998.31,4.5122
4572,5323,2960.5,1.1192
4707.3,5313.38,3065.78,3.029
4542.27,5523.32,2989.28,1.4282
4693.77,4983.02,2935.67,0.2178
4660.44,5102.49,2991.11,3.3452
4580,5463,3089.5,4.5002
4588.75,5432.36,3064.5,3.5716
4648.49,5519.42,2836,1.5316
4580,5463,3039.5,3.3346
4693.18,5325.23,3082.67,2.2652
4659.25,5341.92,3016.02,1.841
4807.35,5582.56,2933.41,0.2732
4652.34,5346.73,3041.99,1.1
4623.44,5492.81,3067.5,5.7046
4660.44,5102.49,2991.11,3.3452
4648.5,5522.77,3007.12,1.8648
4514.06,4911.97,2939.71,0.5522
4616.47,5403.39,3083.53,1.65
4554.46,5221.75,3063.45,1.7674
4580,5463,3039.5,3.3346
4516.85,5280.33,3048.99,1.2858
4699.27,5523.31,2976.35,0.7654
4502.9,5522.28,3037.01,0.723
4623.44,5492.81,3067.5,5.7046
4757.61,5041.38,2989.07,0.1622
4580,5463,3039.5,3.3346
4641.6,5341.61,2998.31,4.5122
4588.65,5432.5,3039.5,2.9056
4710.09,5370.6,2989.5,1.6202
4629.85,5164.83,3006.76,0.528
4580,5463,3064.5,5.3898
4580,5463,2964.5,1.4402
4572,5323,2985.5,1.5392
4588.65,5432.5,3039.5,2.9056
4580,5463,3064.5,5.3898
4570,5184,2868.5,0.9362
4588.75,5432.36,3064.5,3.5716
4622.21,5331.31,3005.19,2.2818
4581.1,5405.24,3048.24,2.982
4581.1,5405.24,3048.24,2.982
4580,5463,3014.5,3.219
4548.06,5581.94,2794.35,0.3676
4657.9,5464,2955.01,0.9482
4645.1,5402.8,2921.1,0.5508
4611.34,5460.05,2989.59,0.756
4580,5463,2914.5,1.0622
4572,5323,3060.5,3.5134
4806.14,5230.45,2947.55,0.477
4915.39,4631.63,2941.94,0.0244
4645.43,5280.92,2919.42,0.6542
4622.21,5331.31,3005.19,2.2818
4595.25,5165.49,2970.67,1.5768
4564.9,5493.19,3065.5,1.707
4710.09,5370.6,2989.5,1.6202
4623.44,5492.81,3067.5,5.7046
4592.76,5462.3,3062.88,3.7234
4554.46,5221.75,3063.45,1.7674
4623.44,5492.81,3067.5,5.7046
4543.5,5642.84,3007.12,0.5386
4335,5336,2757.5,0.6602
4401.09,5642.35,2866.68,0.023
4525.32,5161.75,3066.59,0.9348
4592.76,5462.3,3062.88,3.7234
4581.1,5405.24,3048.24,2.982
4580,5463,3014.5,3.219
4221.08,5458.08,2946.71,0.2044
4691.72,5429.87,2987.5,2.3
4583.5,5402.4,2960.69,1.2738
4721.42,5301.53,3048.89,2.0206
4491.33,5540.25,2997.63,0.7548
4396.09,5522.65,2931.68,0.015
4588.55,5432.64,3014.5,3.195
4580,5463,3064.5,5.3898
4580,5463,3089.5,4.5002
4626.04,5374.95,3090.5,2.094
4588.55,5432.64,3014.5,3.195
4580,5463,3064.5,5.3898
4554.46,5221.75,3063.45,1.7674
4623.44,5492.81,3067.5,5.7046
4660.44,5102.49,2991.11,3.3452
4704.9,5799.25,2638.61,0.509
4710.09,5370.6,2989.5,1.6202
4616.47,5403.39,3083.53,1.65
4733.48,5402.95,3009.48,0.9244
4580.92,5224,2831.67,0.7148
4645.43,5280.92,2919.42,0.6542
4641.6,5341.61,2998.31,4.5122
4566.02,5585.1,2979.9,0.596
4588.75,5432.36,3064.5,3.5716
4694.53,5342.54,3051.44,2.142
4580,5463,3114.5,2.385
4581.1,5405.24,3048.24,2.982
4641.6,5341.61,2998.31,4.5122
4580,5463,3014.5,3.219
4622.7,5492.55,3017.51,2.5158
4580,5463,3064.5,5.3898
4641.6,5341.61,2998.31,4.5122
4623.44,5492.81,3067.5,5.7046
4572,5323,3060.5,3.5134
4588.65,5432.5,3039.5,2.9056
4622.21,5331.31,3005.19,2.2818
4645.58,5343.23,2908.28,0.8162
4682.15,5461.78,3060.18,2.3778
4529.21,5227.65,2953.94,0.6574
4751.49,5282.58,3025.48,0.9076
4623.44,5492.81,3067.5,5.7046
4623.44,5492.81,3067.5,5.7046
4335,5336,2932.5,0.1998
4707.3,5313.38,3065.78,3.029
4580,5463,3014.5,3.219
4682.15,5461.78,3060.18,2.3778
4623.44,5492.81,3067.5,5.7046
4580,5463,3089.5,4.5002
4572,5323,3085.5,2.6582
4570,5184,2993.5,1.919
4335,5336,2807.5,0.2658
4580,5463,3064.5,5.3898
4598.79,5404.32,3065.88,2.2292
4580,5463,3064.5,5.3898
4623.44,5492.81,3067.5,5.7046
4572,5323,2885.5,0.587
4579.1,5642.97,3042.22,0.1008
4641.6,5341.61,2998.31,4.5122
4691.96,5429.12,3062.5,0.527
4516.85,5280.33,3048.99,1.2858
4592.08,5315.89,2968.38,1.5588
4598.79,5404.32,3065.88,2.2292
4623.44,5492.81,3067.5,5.7046
4694.53,5342.54,3051.44,2.142
4627.7,5523.81,2906.51,1.31
4610.46,5462.98,3080.53,2.8036
4641.6,5341.61,2998.31,4.5122
4279.78,5282.53,3021.15,0.1862
4554.46,5221.75,3063.45,1.7674
4590.37,5224,2854.81,1.1868
4511.16,5165.13,2985.39,0.6602
4691.72,5429.87,2987.5,2.3
4580,5463,3014.5,3.219
4682.15,5461.78,3060.18,2.3778
4580,5463,3064.5,5.3898
4623.44,5492.81,3067.5,5.7046
4721.42,5301.53,3048.89,2.0206
4389.79,5037.92,2892.8,0.5404
4572,5323,3085.5,2.6582
4668.81,5780.46,2756.8,0.2896
4572,5323,3085.5,2.6582
4646.77,5030.87,3008.94,0.3784
4580,5463,3039.5,3.3346
4626.01,5374.98,3115.5,0.192
4565.88,5402.31,2942.96,1.8258
4721.42,5301.53,3048.89,2.0206
4580,5463,3064.5,5.3898
4622.7,5492.55,3017.51,2.5158
4572,5323,2935.5,1.523
4641.6,5341.61,2998.31,4.5122
4598.79,5404.32,3065.88,2.2292
4676.89,5342.23,3033.73,1.9306
4539.68,5460.26,3009.94,1.3428
4588.75,5432.36,3064.5,3.5716
4550.38,5282,2898.38,0.5852
4609.69,5283.76,3027.82,1.5288
4595.62,5343.32,3103.34,1.6052
4572,5323,3085.5,2.6582
4698.13,5402.89,2974.13,1.1254
4580,5463,2964.5,1.4402
4715.81,5402.92,2991.81,1.1614
4580,5463,3039.5,3.3346
4580,5463,3064.5,5.3898
4572,5323,3085.5,2.6582
4348.81,4979.26,2904.2,0.2385
4641.6,5341.61,2998.31,4.5122
4580,5463,3064.5,5.3898
4645.43,5280.92,2919.42,0.6542
4610.46,5462.98,3080.53,2.8036
4572,5323,3085.5,2.6582
4580,5463,3064.5,5.3898
4580,5463,2964.5,1.4402
4623.44,5492.81,3067.5,5.7046
4529.14,5164.88,3002.75,1.593
4619.05,5163.63,3089.58,0.5448
4671.58,5402.86,3049.39,1.3128
4572,5323,3085.5,2.6582
4335,5336,2757.5,0.6602
4525.32,5161.75,3066.59,0.9348
4572,5323,3110.5,1.279
4622.21,5331.31,3005.19,2.2818
4588.65,5432.5,3039.5,2.9056
4571.02,5340.38,2927.48,1.316
4592.76,5462.3,3062.88,3.7234
4501.7,5269.64,2857.97,0.2058
4580,5463,3064.5,5.3898
4588.65,5432.5,3039.5,2.9056
4595.62,5343.32,3103.34,1.6052
4580,5463,3064.5,5.3898
4588.65,5432.5,3039.5,2.9056
4630.7,5522.67,2989.56,1.5676
4588.55,5432.64,3014.5,3.195
4637.24,5642.76,2925.2,0.6106
4630.78,5519.24,2818.36,1.1276
4680.78,5281.47,2954.77,0.5254
4580,5463,3114.5,2.385
4580,5463,3064.5,5.3898
4630.78,5519.24,2818.36,1.1276
4612.55,5165.16,2988.71,0.9616
4580,5463,3039.5,3.3346
4580,5463,3064.5,5.3898
4622.21,5331.31,3005.19,2.2818
4623.44,5492.81,3067.5,5.7046
4694.53,5342.54,3051.44,2.142
4623.44,5492.81,3067.5,5.7046
4565.88,5402.31,2942.96,1.8258
4580,5463,3064.5,5.3898
4583.36,5582.12,2829.77,0.482
4588.65,5432.5,3039.5,2.9056
4721.42,5301.53,3048.89,2.0206
4572,5323,3085.5,2.6582
4591.81,5166.88,2873.65,1.1614
4588.65,5432.5,3039.5,2.9056
4580,5463,3064.5,5.3898
4549.48,4911.79,2975,0.2658
4580,5463,2864.5,1.3712
4623.44,5492.81,3067.5,5.7046
4623.44,5492.81,3067.5,5.7046
4466.44,4867.07,2824.37,0.2881
4634.16,5402.46,3101.18,0.024
4497.51,5417.84,2962.68,0.3992
4588.65,5432.5,3039.5,2.9056
4623.44,5492.81,3067.5,5.7046
4641.6,5341.61,2998.31,4.5122
4623.44,5492.81,3067.5,5.7046
4623.44,5492.81,3067.5,5.7046
4275.06,5042.74,2995.43,1.2574
4580,5463,3039.5,3.3346
4600.28,5226.54,3024.28,1.3202
4721.42,5301.53,3048.89,2.0206
4682.15,5461.78,3060.18,2.3778
4645.59,5523.69,2923.97,0.9092
4572,5323,2935.5,1.523
4554.46,5221.75,3063.45,1.7674
4600.28,5226.54,3024.28,1.3202
4554.26,5641.97,2931.31,0.398
4588.75,5432.36,3064.5,3.5716
4520.7,5522.22,3054.56,1.1192
4570,5184,2993.5,1.919
4626.04,5374.95,3090.5,2.094
4751.49,5282.58,3025.48,0.9076
4325,5053,2917.5,0.4654
4572,5323,3085.5,2.6582
4572,5323,3060.5,3.5134
4570,5184,3018.5,1.2138
4580,5463,3039.5,3.3346
4641.6,5341.61,2998.31,4.5122
4641.6,5341.61,2998.31,4.5122
4641.6,5341.61,2998.31,4.5122
4571.02,5340.38,2927.48,1.316
4660.44,5102.49,2991.11,3.3452
4622.7,5492.55,3017.51,2.5158
4580,5463,2889.5,0.9574
4580,5463,3114.5,2.385
4622.7,5492.55,3017.51,2.5158
4570,5184,2918.5,1.6936
4749.66,5277.84,3015.11,1.2706
4580,5463,3014.5,3.219
4580,5463,3039.5,3.3346
4659.25,5341.92,3016.02,1.841
4623.44,5492.81,3067.5,5.7046
4572,5323,3085.5,2.6582
4610.46,5462.98,3080.53,2.8036
4581.1,5405.24,3048.24,2.982
4564.9,5493.19,3065.5,1.707
4715.81,5402.92,2991.81,1.1614
4580,5463,3064.5,5.3898
4472.2,5160.91,3013.65,0.296
4572,5323,3060.5,3.5134
4580,5463,3064.5,5.3898
4588.55,5432.64,3014.5,3.195
4588.55,5432.64,3014.5,3.195
4572,5323,3085.5,2.6582
4580,5463,3064.5,5.3898
4460.94,4912.25,2886.77,0.618
4588.75,5432.36,3064.5,3.5716
4660.44,5102.49,2991.11,3.3452
4660.44,5102.49,2991.11,3.3452
4588.55,5432.64,3014.5,3.195
4460.94,4912.25,2886.77,0.618
4556.65,5167.56,2838.11,1.0052
4542.27,5523.32,2989.28,1.4282
4598.79,5404.32,3065.88,2.2292
4572,5323,3060.5,3.5134
4641.6,5341.61,2998.31,4.5122
4660.44,5102.49,2991.11,3.3452
4637.24,5642.76,2925.2,0.6106
4534.62,5100.96,3043.94,1.226
4572,5323,3110.5,1.279
4653.81,5582.23,2984.81,0.611
4676.89,5342.23,3033.73,1.9306
4570,5184,2868.5,0.9362
4501.43,5220.92,3010.42,0.3304
4622.7,5492.55,3017.51,2.5158
4721.42,5301.53,3048.89,2.0206
4660.44,5102.49,2991.11,3.3452
4715.81,5402.92,2991.81,1.1614
4622.7,5492.55,3017.51,2.5158
4554.46,5221.75,3063.45,1.7674
4623.96,5341.31,2980.6,0.933
4580,5463,3064.5,5.3898
4609.39,5166.54,2891.42,1.0714
4580,5463,3039.5,3.3346
4623.44,5492.81,3067.5,5.7046
4652.34,5346.73,3041.99,1.1
4588.75,5432.36,3064.5,3.5716
4660.44,5102.49,2991.11,3.3452
4554.46,5221.75,3063.45,1.7674
4609.39,5166.54,2891.42,1.0714
4580,5463,3064.5,5.3898
4580,5463,2989.5,2.2682
4588.55,5432.64,3014.5,3.195
4693.18,5325.23,3082.67,2.2652
4623.44,5492.81,3067.5,5.7046
4580,5463,3064.5,5.3898
4660.44,5102.49,2991.11,3.3452
4525.7,5642.78,2989.56,0.539
4588.67,5340.69,2945.19,1.253
4580,5463,3064.5,5.3898
4580,5463,2889.5,0.9574
4581.1,5405.24,3048.24,2.982
4623.96,5341.31,2980.6,0.933
4622.21,5331.31,3005.19,2.2818
4506.47,5463,3036.85,1.082
4588.55,5432.64,3014.5,3.195
4601.12,5584.61,3015.5,0.8716
4572,5323,3085.5,2.6582
4710.09,5370.6,2989.5,1.6202
4600.79,5581.3,2931.77,0.746
4691.72,5429.87,2987.5,2.3
4580,5463,2989.5,2.2682
4598.79,5404.32,3065.88,2.2292
4580,5463,2814.5,0.9542
4570,5184,2843.5,0.8808
4623.44,5492.81,3067.5,5.7046
4592.76,5462.3,3062.88,3.7234
4588.55,5432.64,3014.5,3.195
4588.75,5432.36,3064.5,3.5716
4564.86,5493.27,3040.5,1.8002
4463.45,5463,2975.41,0.3632
4641.6,5341.61,2998.31,4.5122
4588.55,5432.64,3014.5,3.195
4660.44,5102.49,2991.11,3.3452
4476.44,5407.79,3059.92,0.6394
4504.28,5458.9,2974.65,0.7082
4618.71,5224,2924.25,0.9572
4436.7,5642.47,2901.79,0.2
4612.9,5522.58,2972.01,1.0084
4659.25,5341.92,3016.02,1.841
4598.79,5404.32,3065.88,2.2292
4721.42,5301.53,3048.89,2.0206
4691.72,5429.87,2987.5,2.3
4578.04,5343.54,3085.57,1.7028
4466.22,5699.29,2870.32,0.2132
4588.75,5432.36,3064.5,3.5716
4560.73,5162.3,3101.88,0.9272
4580,5463,3014.5,3.219
4691.72,5429.87,2987.5,2.3
4580,5463,3089.5,4.5002
4694.53,5342.54,3051.44,2.142
4516.85,5280.33,3048.99,1.2858
4458,5399,3082.5,0.918
4572,5323,3085.5,2.6582
4641.6,5341.61,2998.31,4.5122
4503.08,4885.66,2968.63,0.4084
4622.7,5492.55,3017.51,2.5158
4693.18,5325.23,3082.67,2.2652
4588.55,5432.64,3014.5,3.195
4581.1,5405.24,3048.24,2.982
4721.42,5301.53,3048.89,2.0206
4598.79,5404.32,3065.88,2.2292
4570,5184,2993.5,1.919
4581.1,5405.24,3048.24,2.982
4580,5463,3064.5,5.3898
4773.48,5041.74,3008.39,0.129
4592.76,5462.3,3062.88,3.7234
4325,5053,2767.5,0.549
4572,5323,3010.5,1.6606
4572,5323,3060.5,3.5134
4572,5323,3060.5,3.5134
4284.51,5101.53,2951.75,0.3288
4591.81,5166.88,2873.65,1.1614
4707.3,5313.38,3065.78,3.029
4623.44,5492.81,3067.5,5.7046
4598.79,5404.32,3065.88,2.2292
4580,5463,3064.5,5.3898
4335,5336,2757.5,0.6602
4648.49,5519.42,2836,1.5316
4659.25,5341.92,3016.02,1.841
4471.19,5522.82,2918.94,0.3269
4580,5463,3039.5,3.3346
4721.42,5301.53,3048.89,2.0206
4546.89,5292.77,2913.18,1.1178
4675.38,5224,3063.13,0.707
4572,5323,3085.5,2.6582
4707.3,5313.38,3065.78,3.029
4664.45,5461.35,3042.53,1.9246
4592.76,5462.3,3062.88,3.7234
4789.34,5042.1,3027.7,0.0542
4557.37,5460.94,3027.59,1.784
4691.81,5282,3039.81,0.9258
4580,5463,3089.5,4.5002
4561.48,5284.26,2970.37,1.5964
4615.11,5031.69,2970.25,0.6182
4623.44,5492.81,3067.5,5.7046
4595.25,5165.49,2970.67,1.5768
4623.44,5492.81,3067.5,5.7046
4610.46,5462.98,3080.53,2.8036
4580,5463,3039.5,3.3346
4588.55,5432.64,3014.5,3.195
4715.81,5402.92,2991.81,1.1614
4609.39,5166.54,2891.42,1.0714
4771.04,5343.02,3030.29,0.1608
4246.9,5282.18,2926.71,0.3796
4659.25,5341.92,3016.02,1.841
4580,5463,3064.5,5.3898
4660.44,5102.49,2991.11,3.3452
4641.6,5341.61,2998.31,4.5122
4591.92,5524.06,2871.59,1.382
4683.9,5519.79,2871.3,0.4488
4580,5463,2989.5,2.2682
4707.3,5313.38,3065.78,3.029
4507.89,5644.12,2772.67,0.113
4580,5463,2939.5,1.3082
4622.7,5492.55,3017.51,2.5158
4749.66,5277.84,3015.11,1.2706
4464.5,5641.03,2844.32,0.792
4623.44,5492.81,3067.5,5.7046
4694.53,5342.54,3051.44,2.142
4580,5463,3089.5,4.5002
4580,5463,3064.5,5.3898
4721.42,5301.53,3048.89,2.0206
4570,5184,2768.5,1.2002
4580,5463,3064.5,5.3898
4641.6,5341.61,2998.31,4.5122
4707.3,5313.38,3065.78,3.029
4580,5463,3039.5,3.3346
4580,5463,2864.5,1.3712
4572,5323,3060.5,3.5134
4471.17,5405.28,3084.23,1.041
4694.53,5342.54,3051.44,2.142
4580,5463,2989.5,2.2682
4684.83,5224,3086.28,0.3932
4721.42,5301.53,3048.89,2.0206
4707.3,5313.38,3065.78,3.029
4588.75,5432.36,3064.5,3.5716
4580,5463,2764.5,0.8552
4580,5463,3014.5,3.219
4622.7,5492.55,3017.51,2.5158
4595.62,5343.32,3103.34,1.6052
4777.31,5581.21,2946.67,0.329
4580,5463,3089.5,4.5002
4641.6,5341.61,2998.31,4.5122
4580,5463,3039.5,3.3346
4580,5463,3064.5,5.3898
4598.79,5404.32,3065.88,2.2292
4580,5463,3014.5,3.219
4598.79,5404.32,3065.88,2.2292
4485.2,5585.01,3063.12,1.0396
4623.44,5492.81,3067.5,5.7046
4662.43,5039.22,2873.16,0.432
4751.85,5544.41,2828.1,0.2972
4682.15,5461.78,3060.18,2.3778
4588.55,5432.64,3014.5,3.195
4335,5336,2732.5,0.7815
4581.1,5405.24,3048.24,2.982
4610.46,5462.98,3080.53,2.8036
4539.68,5460.26,3009.94,1.3428
4581.1,5405.24,3048.24,2.982
4769.16,5282.86,3043.16,0.3168
4707.3,5313.38,3065.78,3.029
4626.04,5374.95,3090.5,2.094
4710.09,5370.6,2989.5,1.6202
4572,5323,3085.5,2.6582
4689.19,5402.95,3067.13,0.71
4588.55,5432.64,3014.5,3.195
4660.44,5102.49,2991.11,3.3452
4335,5336,2757.5,0.6602
4572,5323,2685.5,1.0172
4580,5463,3064.5,5.3898
4707.3,5313.38,3065.78,3.029
4598.79,5404.32,3065.88,2.2292
4623.44,5492.81,3067.5,5.7046
4622.33,5492.42,2992.51,0.48
4694.53,5342.54,3051.44,2.142
4610.46,5462.98,3080.53,2.8036
4622.7,5492.55,3017.51,2.5158
4516.92,5100.59,3026.3,1.0606
4570,5184,2918.5,1.6936
4682.15,5461.78,3060.18,2.3778
4580,5463,3039.5,3.3346
4660.44,5102.49,2991.11,3.3452
4580,5463,3114.5,2.385
4716.35,5163.17,3096.98,0.054
4581.1,5405.24,3048.24,2.982
4598.79,5404.32,3065.88,2.2292
4502.77,5420.36,2938.37,0.8896
4691.8,5429.62,3012.5,1.304
4345.03,5460.03,3070.24,0.2236
4616.47,5403.39,3083.53,1.65
4485.1,5522.34,3019.45,0.915
4580,5463,3064.5,5.3898
4586.69,5464,2884.79,0.9214
4560.04,5523.44,3006.87,1.5002
4691.72,5429.87,2987.5,2.3
4570,5184,2818.5,1.0008
4588.55,5432.64,3014.5,3.195
4575.93,5459.19,2954.3,1.0516
4664.45,5461.35,3042.53,1.9246
4580,5463,3014.5,3.219
4598.79,5404.32,3065.88,2.2292
4580,5463,3114.5,2.385
4580,5463,3064.5,5.3898
4580,5463,3014.5,3.219
4580,5463,3039.5,3.3346
4335,5336,2757.5,0.6602
4623.44,5492.81,3067.5,5.7046
4364,4983.14,3111.83,0.3242
4580,5463,3064.5,5.3898
4529.14,5164.88,3002.75,1.593
4622.7,5492.55,3017.51,2.5158
4598.79,5404.32,3065.88,2.2292
4588.55,5432.64,3014.5,3.195
4575.93,5459.19,2954.3,1.0516
4622.21,5331.31,3005.19,2.2818
4311.51,5102.05,3021.72,0.1474
4648.49,5519.42,2836,1.5316
4641.6,5341.61,2998.31,4.5122
4580,5463,3064.5,5.3898
4864.83,4632.77,2800.72,0.2522
4335,5336,2757.5,0.6602
4580,5463,3039.5,3.3346
4572,5323,3085.5,2.6582
4501.93,5700.16,2905.3,0.4278
4547.76,5580.38,2878.74,0.4308
4541.7,5522.21,2901.79,1.4148
4570,5184,2993.5,1.919
4580,5463,3089.5,4.5002
4554.46,5221.75,3063.45,1.7674
4671.58,5402.86,3049.39,1.3128
4699.35,5343.14,2960.57,0.6166
4495.81,5586.08,2908.69,0.518
4534.62,5100.96,3043.94,1.226
4641.6,5341.61,2998.31,4.5122
4572,5323,3085.5,2.6582
4535.74,5339.77,2892.06,0.5912
4664.45,5461.35,3042.53,1.9246
4641.6,5341.61,2998.31,4.5122
4572,5323,3035.5,1.0998
4659.25,5341.92,3016.02,1.841
4641.6,5341.61,2998.31,4.5122
4530.65,5402.12,2907.48,1.4448
4610.46,5462.98,3080.53,2.8036
4790.15,5520.91,2977.18,0.0858
4580,5463,3089.5,4.5002
4572.22,5642.15,2948.71,0.398
4449.5,5522.47,2984.35,0.2058
4429.52,5588.22,2980.12,0.218
4648.5,5522.77,3007.12,1.8648
4518.36,5641.59,2896.52,0.4818
4580,5463,2989.5,2.2682
4580,5463,3014.5,3.219
4238.68,5282.1,2903.1,0.2665
4580,5463,3064.5,5.3898
4622.7,5492.55,3017.51,2.5158
4598.79,5404.32,3065.88,2.2292
4484.08,5699.73,2887.81,0.1846
4592.76,5462.3,3062.88,3.7234
4572,5323,3060.5,3.5134
4516.85,5280.33,3048.99,1.2858
4400.77,5405.58,2949.03,0.3422
4572,5323,3085.5,2.6582
4662.14,5165.53,2944.73,0.6542
4592.76,5462.3,3062.88,3.7234
4678.17,5102.58,3008.73,0.8792
4623.44,5492.81,3067.5,5.7046
4591.92,5524.06,2871.59,1.382
4580,5463,3039.5,3.3346
4274.2,5458.91,2999.65,0.1458
4637.24,5642.76,2925.2,0.6106
4592.76,5462.3,3062.88,3.7234
4641.6,5341.61,2998.31,4.5122
4622.7,5492.55,3017.51,2.5158
4666.19,5519.61,2853.65,1.0908
4592.76,5462.3,3062.88,3.7234
4694.53,5342.54,3051.44,2.142
4572,5323,3085.5,2.6582
4623.44,5492.81,3067.5,5.7046
4560.04,5523.44,3006.87,1.5002
4580,5463,3014.5,3.219
4580,5463,3064.5,5.3898
4448.41,5220.08,2957.38,0.225
4557.37,5460.94,3027.59,1.784
4520.81,5463,3057.32,1.2408
4493.67,5228.21,2918.77,0.283
4557.37,5460.94,3027.59,1.784
4572,5323,3085.5,2.6582
4707.3,5313.38,3065.78,3.029
4503.39,5163.77,3130.58,0.0348
4588.75,5432.36,3064.5,3.5716
4694.53,5342.54,3051.44,2.142
4707.3,5313.38,3065.78,3.029
4652.34,5346.73,3041.99,1.1
4347.56,5406.6,2896.19,0.293
4678.81,5312.85,3096.5,0.1144
4581.1,5405.24,3048.24,2.982
4648.5,5522.77,3007.12,1.8648
4676.89,5342.23,3033.73,1.9306
4691.72,5429.87,2987.5,2.3
4564.9,5493.19,3065.5,1.707
4666.19,5519.61,2853.65,1.0908
4641.6,5341.61,2998.31,4.5122
4598.79,5404.32,3065.88,2.2292
4612.55,5165.16,2988.71,0.9616
4676.89,5342.23,3033.73,1.9306
4572,5323,3085.5,2.6582
4592.76,5462.3,3062.88,3.7234
4561.48,5284.26,2970.37,1.5964
4588.75,5432.36,3064.5,3.5716
4468.88,5523.23,3090.73,0.5538
4707.3,5313.38,3065.78,3.029
4660.44,5102.49,2991.11,3.3452
4531.06,5040.14,3067.9,0.3678
4557.37,5460.94,3027.59,1.784
4593.63,5459.62,2971.94,1.3712
4605.44,5102.44,3114.53,0.1426
4580,5463,3064.5,5.3898
4721.42,5301.53,3048.89,2.0206
4572,5323,3060.5,3.5134
4572,5323,3010.5,1.6606
4580,5463,2989.5,2.2682
4571.02,5340.38,2927.48,1.316
4691.8,5429.62,3012.5,1.304
4580,5463,3064.5,5.3898
4460.94,4912.25,2886.77,0.618
4623.44,5492.81,3067.5,5.7046
4580,5463,3064.5,5.3898
4598.79,5404.32,3065.88,2.2292
4583.5,5402.4,2960.69,1.2738
4580,5463,3089.5,4.5002
4580,5463,3114.5,2.385
4380.54,4979.82,2942.84,0.2702
4627.7,5523.81,2906.51,1.31
4580,5463,2764.5,0.8552
4572,5323,3060.5,3.5134
4622.7,5492.55,3017.51,2.5158
4660.44,5102.49,2991.11,3.3452
4582.51,5226.81,3006.7,1.8034
4645.58,5343.23,2908.28,0.8162
4641.6,5341.61,2998.31,4.5122
4623.44,5492.81,3067.5,5.7046
4592.76,5462.3,3062.88,3.7234
4572,5323,3085.5,2.6582
4613.35,5523.81,3059.62,1.0894
4659.25,5341.92,3016.02,1.841
4412.27,4980.37,2981.48,0.2088
4626.04,5374.95,3090.5,2.094
4622.21,5331.31,3005.19,2.2818
4572,5323,3010.5,1.6606
4577.02,5308.19,2949.98,1.2588
4763.78,5265.99,2998.22,1.2392
4818.45,5590.19,2954.47,0.108
4648.5,5522.77,3007.12,1.8648
4580,5463,2839.5,1.11
4623.44,5492.81,3067.5,5.7046
4691.72,5429.87,2987.5,2.3
4602.6,4911.51,3027.94,0.2582
4580,5463,2739.5,0.8193
4612.9,5522.58,2972.01,1.0084
4580,5463,3014.5,3.219
4623.44,5492.81,3067.5,5.7046
4582.51,5226.81,3006.7,1.8034
4507.19,5403.53,3054.73,0.7954
4588.95,5432.07,3114.5,0.1486
4881.69,4632.39,2847.79,0.101
4595.58,5523.69,3042.04,0.8118
4581.1,5405.24,3048.24,2.982
4421.18,5038.41,2931.71,0.7726
4622.7,5492.55,3017.51,2.5158
4626.04,5374.95,3090.5,2.094
4600.28,5226.54,3024.28,1.3202
4623.44,5492.81,3067.5,5.7046
4582.51,5226.81,3006.7,1.8034
4588.65,5432.5,3039.5,2.9056
4898.54,4632.01,2894.86,0.0572
4564.86,5493.27,3040.5,1.8002
4641.6,5341.61,2998.31,4.5122
4592.76,5462.3,3062.88,3.7234
4624.96,5102.3,2955.88,0.983
4660.44,5102.49,2991.11,3.3452
4580,5463,3014.5,3.219
4570,5184,2768.5,1.2002
4659.25,5341.92,3016.02,1.841
4626.04,5374.95,3090.5,2.094
4691.8,5429.62,3012.5,1.304
4588.55,5432.64,3014.5,3.195
4580,5463,2914.5,1.0622
4588.55,5432.64,3014.5,3.195
4598.79,5404.32,3065.88,2.2292
4623.44,5492.81,3067.5,5.7046
4580,5463,3014.5,3.219
4580,5463,2964.5,1.4402
4795.1,5581.74,2964.22,0.0586
4572,5323,3085.5,2.6582
4660.44,5102.49,2991.11,3.3452
4580,5463,3014.5,3.219
4682.15,5461.78,3060.18,2.3778
4707.3,5313.38,3065.78,3.029
4598.79,5404.32,3065.88,2.2292
4588.75,5432.36,3064.5,3.5716
4345,5613,2940.5,0.1142
4676.89,5342.23,3033.73,1.9306
4560.73,5162.3,3101.88,0.9272
4513.04,5402.03,2889.74,1.254
4581.1,5405.24,3048.24,2.982
4577.02,5308.19,2949.98,1.2588
4626.04,5374.95,3090.5,2.094
4546.89,5292.77,2913.18,1.1178
4580,5463,3064.5,5.3898
4682.15,5461.78,3060.18,2.3778
4320.51,5102.22,3045.04,0.2914
4564.9,5493.19,3065.5,1.707
4694.53,5342.54,3051.44,2.142
4513.04,5402.03,2889.74,1.254
4580,5463,3064.5,5.3898
4580,5463,3039.5,3.3346
4578.04,5343.54,3085.57,1.7028
4588.55,5432.64,3014.5,3.195
4664.45,5461.35,3042.53,1.9246
4519.11,5221.2,3028.1,0.6604
4580,5463,3114.5,2.385
4595.62,5343.32,3103.34,1.6052
4697.68,5795.49,2662.25,0.5686
4592.76,5462.3,3062.88,3.7234
4622.7,5492.55,3017.51,2.5158
4622.7,5492.55,3017.51,2.5158
4694.53,5342.54,3051.44,2.142
4691.8,5429.62,3012.5,1.304
4572,5323,3085.5,2.6582
4508.04,5422.87,2914.06,1.0788
4750.42,4923.24,2728.5,0.11
4580,5463,3064.5,5.3898
4570,5184,2993.5,1.919
4626.04,5374.95,3090.5,2.094
4618.73,5402.58,2996.17,0.782
4570,5184,2843.5,0.8808
4588.55,5432.64,3014.5,3.195
4593.63,5459.62,2971.94,1.3712
4592.76,5462.3,3062.88,3.7234
4561.48,5284.26,2970.37,1.5964
4557.37,5460.94,3027.59,1.784
4653.94,5582.49,2900.6,0.389
4580,5463,3064.5,5.3898
4588.75,5432.36,3064.5,3.5716
4580,5463,2989.5,2.2682
4583.57,5584.86,2997.7,0.6228
4490.12,5344.61,2996.73,0.2686
4580,5463,3089.5,4.5002
4622.7,5492.55,3017.51,2.5158
4580,5463,3014.5,3.219
4467.92,5163.46,3095.34,0.4276
4572,5323,3060.5,3.5134
4580,5463,3089.5,4.5002
4460.63,5400.26,3132.85,0.0244
4623.44,5492.81,3067.5,5.7046
4721.42,5301.53,3048.89,2.0206
4710.09,5029.21,3086.33,0.123
4622.7,5492.55,3017.51,2.5158
4682.15,5461.78,3060.18,2.3778
4580,5463,3089.5,4.5002
4667.4,5354.44,3060.4,0.2656
4293.51,5101.7,2975.07,0.302
4627.7,5523.81,2906.51,1.31
4572,5323,3085.5,2.6582
4470.5,5521.83,2831.58,0.386
4581.1,5405.24,3048.24,2.982
4588.75,5432.36,3064.5,3.5716
4485.1,5522.34,3019.45,0.915
4622.7,5492.55,3017.51,2.5158
4641.6,5341.61,2998.31,4.5122
4610.46,5462.98,3080.53,2.8036
4592.76,5462.3,3062.88,3.7234
4572,5323,3060.5,3.5134
4570,5184,2843.5,0.8808
4664.45,5461.35,3042.53,1.9246
4588.65,5432.5,3039.5,2.9056
4583.57,5584.86,2997.7,0.6228
4707.3,5313.38,3065.78,3.029
4496.35,4912.07,2922.06,0.309
4577.3,5522.39,2936.9,1.109
4580,5463,3064.5,5.3898
4660.44,5102.49,2991.11,3.3452
4486.53,5523.14,3108.44,0.1218
4623.44,5492.81,3067.5,5.7046
4682.15,5461.78,3060.18,2.3778
4572,5323,3060.5,3.5134
4492.13,5463,3016.37,0.8388
4565.44,5580.69,2896.42,0.3092
4516.85,5280.33,3048.99,1.2858
4648.5,5522.77,3007.12,1.8648
4622.7,5492.55,3017.51,2.5158
4610.46,5462.98,3080.53,2.8036
4275.06,5042.74,2995.43,1.2574
4490.87,4879.46,2920.54,0.3918
4529.14,5164.88,3002.75,1.593
4572,5323,3010.5,1.6606
4508.04,5422.87,2914.06,1.0788
4622.21,5331.31,3005.19,2.2818
4645.43,5280.92,2919.42,0.6542
4698.13,5402.89,2974.13,1.1254
4580,5463,3089.5,4.5002
4623.44,5492.81,3067.5,5.7046
4513.36,5585.84,2926.5,0.29
4679.06,5337.08,3099.56,0.03
4623.44,5492.81,3067.5,5.7046
4508.04,5422.87,2914.06,1.0788
4821.07,5042.82,3066.34,0.0334
4580,5463,2914.5,1.0622
4507.19,5403.53,3054.73,0.7954
4622.21,5331.31,3005.19,2.2818
4610.46,5462.98,3080.53,2.8036
4561.48,5284.26,2970.37,1.5964
4581.1,5405.24,3048.24,2.982
4641.6,5341.61,2998.31,4.5122
4580,5463,3089.5,4.5002
4580,5463,3089.5,4.5002
4580,5463,3064.5,5.3898
4529.14,5164.88,3002.75,1.593
4589.81,5222.31,3098.81,0.8176
4572,5323,3060.5,3.5134
4515.3,4891.86,3016.72,0.3094
4648.49,5519.42,2836,1.5316
4275.06,5042.74,2995.43,1.2574
4465.9,5402.77,3108.54,0.0332
4536.31,5641.78,2913.91,0.4066
4750.66,4923.14,2878.5,0.1336
4693.18,5325.23,3082.67,2.2652
4659.25,5341.92,3016.02,1.841
4572,5323,3060.5,3.5134
4660.44,5102.49,2991.11,3.3452
4707.3,5313.38,3065.78,3.029
4580,5463,3064.5,5.3898
4588.65,5432.5,3039.5,2.9056
4598.79,5404.32,3065.88,2.2292
4580,5463,3064.5,5.3898
4572,5323,2685.5,1.0172
4598.79,5404.32,3065.88,2.2292
4682.47,5362.15,3078.8,0.074
4664.45,5461.35,3042.53,1.9246
4623.44,5492.81,3067.5,5.7046
4698.13,5402.89,2974.13,1.1254
4580,5463,3064.5,5.3898
4580,5463,3114.5,2.385
4636.35,5402.68,3013.91,1.338
4676.89,5342.23,3033.73,1.9306
4558.14,5105.12,2987.75,0.545
4457.21,5165.89,2933.29,0.248
4626.97,5166.21,2909.19,0.7772
4691.8,5429.62,3012.5,1.304
4618.27,5754.15,2922.27,0.276
4387.76,5590.63,2917.87,0.12
4580,5463,3114.5,2.385
4592.76,5462.3,3062.88,3.7234
4623.44,5492.81,3067.5,5.7046
4592.76,5462.3,3062.88,3.7234
4623.44,5492.81,3067.5,5.7046
4572,5323,3110.5,1.279
4622.7,5492.55,3017.51,2.5158
4626.04,5374.95,3090.5,2.094
4590.37,5224,2854.81,1.1868
4572,5323,3060.5,3.5134
4581.1,5405.24,3048.24,2.982
4570,5184,2918.5,1.6936
4618.46,5581.61,2949.45,0.7036
4601.12,5584.61,3015.5,0.8716
4572,5323,2960.5,1.1192
4592.08,5315.89,2968.38,1.5588
4553.38,5340.07,2909.77,1.0668
4588.65,5432.5,3039.5,2.9056
4588.67,5340.69,2945.19,1.253
4325,5053,2792.5,0.6634
4506.47,5463,3036.85,1.082
4580,5463,2789.5,0.8582
4561.48,5284.26,2970.37,1.5964
4607.49,5222.58,3116.48,0.0378
4641.6,5341.61,2998.31,4.5122
4591.81,5166.88,2873.65,1.1614
4565.88,5402.31,2942.96,1.8258
4335,5336,3107.5,0.177
4583.11,5580.99,2914.1,0.3844
4588.55,5432.64,3014.5,3.195
4540.23,5643.78,2810.8,0.4158
4580,5463,3064.5,5.3898
4630.7,5522.67,2989.56,1.5676
4609.69,5283.76,3027.82,1.5288
4623.44,5492.81,3067.5,5.7046
4588.75,5432.36,3064.5,3.5716
4572,5323,3085.5,2.6582
4564.86,5493.27,3040.5,1.8002
4588.65,5432.5,3039.5,2.9056
4622.7,5492.55,3017.51,2.5158
4580,5463,3014.5,3.219
4689.12,5225.14,3112.21,0.0678
4580,5463,3064.5,5.3898
4594.1,5104.55,3022.48,0.924
4325,5053,2967.5,0.4458
4588.55,5432.64,3014.5,3.195
4660.44,5102.49,2991.11,3.3452
4580,5463,3064.5,5.3898
4555.5,5701.47,2957.78,0.555
4592.08,5315.89,2968.38,1.5588
4626.04,5374.95,3090.5,2.094
4572,5323,3010.5,1.6606
4580,5463,3064.5,5.3898
4572,5323,3085.5,2.6582
4600.28,5226.54,3024.28,1.3202
4554.46,5221.75,3063.45,1.7674
4580,5463,3114.5,2.385
4598.79,5404.32,3065.88,2.2292
4627.7,5523.81,2906.51,1.31
4580,5463,3039.5,3.3346
4572,5323,3060.5,3.5134
4592.76,5462.3,3062.88,3.7234
4694.53,5342.54,3051.44,2.142
4580,5463,3039.5,3.3346
4622.7,5492.55,3017.51,2.5158
4723.93,5579.62,2894.01,0.3166
4610.46,5462.98,3080.53,2.8036
4618.71,5224,2924.25,0.9572
4580,5463,3064.5,5.3898
4623.44,5492.81,3067.5,5.7046
4623.44,5492.81,3067.5,5.7046
4712.18,5342.85,3069.15,0.4352
4580,5463,3064.5,5.3898
4694.53,5342.54,3051.44,2.142
4580,5463,3039.5,3.3346
4572,5323,3085.5,2.6582
4580,5463,3039.5,3.3346
4676.89,5342.23,3033.73,1.9306
4580,5463,2989.5,2.2682
4750.38,4923.26,2703.5,0.24
4521.13,5163.92,3148.19,0.038
4622.7,5492.55,3017.51,2.5158
4626.04,5374.95,3090.5,2.094
4580,5463,3014.5,3.219
4601.06,5163.88,3072.22,0.6736
4624.96,5102.3,2955.88,0.983
4580,5463,3064.5,5.3898
4541.7,5522.21,2901.79,1.4148
4671.58,5402.86,3049.39,1.3128
4641.6,5341.61,2998.31,4.5122
4580,5463,3064.5,5.3898
4820.26,5218.6,2930.66,0.21
4564.9,5493.19,3065.5,1.707
4580,5463,2889.5,0.9574
4516.85,5280.33,3048.99,1.2858
4529.14,5164.88,3002.75,1.593
4335,5336,2757.5,0.6602
4694.53,5342.54,3051.44,2.142
4588.65,5432.5,3039.5,2.9056
4622.21,5331.31,3005.19,2.2818
4622.7,5492.55,3017.51,2.5158
4580,5463,3064.5,5.3898
4413.9,5522.59,2949.24,0.215
4572,5323,2935.5,1.523
4581.1,5405.24,3048.24,2.982
4572,5323,3085.5,2.6582
4660.44,5102.49,2991.11,3.3452
4583.5,5402.4,2960.69,1.2738
4560.04,5523.44,3006.87,1.5002
4691.72,5429.87,2987.5,2.3
4588.55,5432.64,3014.5,3.195
4580,5463,3064.5,5.3898
4565.88,5402.31,2942.96,1.8258
4598.79,5404.32,3065.88,2.2292
4711.3,5464,3007.67,0.852
4580,5463,3014.5,3.219
4626.04,5374.95,3090.5,2.094
4572,5323,2935.5,1.523
4592.76,5462.3,3062.88,3.7234
4588.65,5432.5,3039.5,2.9056
4691.81,5282,3039.81,0.9258
4622.21,5331.31,3005.19,2.2818
4580,5463,3089.5,4.5002
4982.79,4630.1,3130.23,0.024
4610.46,5462.98,3080.53,2.8036
4623.44,5492.81,3067.5,5.7046
4626.97,5166.21,2909.19,0.7772
4693.18,5325.23,3082.67,2.2652
4508.04,5422.87,2914.06,1.0788
4580,5463,3114.5,2.385
4710.09,5370.6,2989.5,1.6202
4580,5463,3064.5,5.3898
4580,5463,3089.5,4.5002
4570,5184,2993.5,1.919
4616.47,5403.39,3083.53,1.65
4380.4,4983.09,3130.7,0.1894
4623.44,5492.81,3067.5,5.7046
4637.24,5642.76,2925.2,0.6106
4580,5463,3089.5,4.5002
4580,5463,3064.5,5.3898
4580,5463,3064.5,5.3898
4636.22,5584.12,3051.1,0.1336
4238.79,5458.36,2964.36,0.3452
4630.7,5522.67,2989.56,1.5676
4623.44,5492.81,3067.5,5.7046
4580,5463,3114.5,2.385
4630.78,5519.24,2818.36,1.1276
4626.04,5374.95,3090.5,2.094
4570,5184,2993.5,1.919
4671.35,5225.42,3094.62,0.1246
4588.75,5432.36,3064.5,3.5716
4572,5323,3085.5,2.6582
4564.86,5493.27,3040.5,1.8002
4572.14,5222.03,3081.13,1.1776
4478.65,4912.16,2904.42,0.4172
4454.96,5345.04,2961.19,0.3139
4580,5463,2989.5,2.2682
4622.21,5331.31,3005.19,2.2818
4345,5613,2765.5,0.0618
4592.76,5462.3,3062.88,3.7234
4483.76,5220.64,2992.74,0.1534
4691.72,5429.87,2987.5,2.3
4580,5463,3089.5,4.5002
4694.53,5342.54,3051.44,2.142
4622.7,5492.55,3017.51,2.5158
4580,5463,3064.5,5.3898
4622.3,5464,2919.9,0.92
4965.94,4630.48,3083.16,0.0272
4515.36,5039.89,3048.45,0.609
4660.44,5102.49,2991.11,3.3452
4648.5,5522.77,3007.12,1.8648
4588.55,5432.64,3014.5,3.195
4580,5463,3064.5,5.3898
4478.25,5586.33,2890.89,0.454
4626.04,5374.95,3090.5,2.094
4572,5323,3085.5,2.6582
4572,5323,2685.5,1.0172
4580,5463,3064.5,5.3898
4660.44,5102.49,2991.11,3.3452
4592.76,5462.3,3062.88,3.7234
4560.04,5523.44,3006.87,1.5002
4320.89,5282.96,3139.2,0.027
4572,5323,3060.5,3.5134
4570,5184,3143.5,0.0496
4588.55,5432.64,3014.5,3.195
4623.44,5492.81,3067.5,5.7046
4345,5613,2965.5,0.165
4592.76,5462.3,3062.88,3.7234
4580,5463,3039.5,3.3346
4589.48,5102.12,2920.65,1.1868
4492.13,5463,3016.37,0.8388
4721.42,5301.53,3048.89,2.0206
4655.73,4911.23,3080.88,0.1578
4572,5323,3085.5,2.6582
4492.24,5415.33,2986.99,0.4352
4637.03,5163.38,3106.95,0.2838
4610.46,5462.98,3080.53,2.8036
4721.42,5301.53,3048.89,2.0206
4572,5323,3060.5,3.5134
4598.79,5404.32,3065.88,2.2292
4580,5463,3064.5,5.3898
4707.3,5313.38,3065.78,3.029
4721.42,5301.53,3048.89,2.0206
4580,5463,3039.5,3.3346
4539.68,5460.26,3009.94,1.3428
4588.65,5432.5,3039.5,2.9056
4580,5463,2939.5,1.3082
4580,5463,3064.5,5.3898
4581.1,5405.24,3048.24,2.982
4622.3,5464,2919.9,0.92
4374.09,5037.67,2873.34,0.26
4707.3,5313.38,3065.78,3.029
4580,5463,3014.5,3.219
4580,5463,2989.5,2.2682
4626.04,5374.95,3090.5,2.094
4592.76,5462.3,3062.88,3.7234
4623.44,5492.81,3067.5,5.7046
4949.09,4630.86,3036.08,0.035
4580,5463,3089.5,4.5002
4520.81,5463,3057.32,1.2408
4641.6,5341.61,2998.31,4.5122
4572,5323,3085.5,2.6582
4554.46,5221.75,3063.45,1.7674
4763.78,5265.99,2998.22,1.2392
4623.44,5492.81,3067.5,5.7046
4609.69,5283.76,3027.82,1.5288
4623.44,5492.81,3067.5,5.7046
4681.42,5343.17,2943.14,0.797
4711.3,5464,3007.67,0.852
4564.9,5493.19,3065.5,1.707
4660.44,5102.49,2991.11,3.3452
4401.68,5589.82,2938.62,0.1352
4588.75,5432.36,3064.5,3.5716
4491.33,5540.25,2997.63,0.7548
4622.7,5492.55,3017.51,2.5158
4582.51,5226.81,3006.7,1.8034
4588.75,5432.36,3064.5,3.5716
4452.57,5038.9,2970.62,0.3796
4580,5463,2839.5,1.11
4707.3,5313.38,3065.78,3.029
4873.26,4632.58,2824.25,0.053
4623.44,5492.81,3067.5,5.7046
4463.81,5099.48,2973.36,0.2688
4396.8,4983.03,3149.57,0.039
4454.5,5642.53,2919.35,0.4114
4460.94,4912.25,2886.77,0.618
4623.44,5492.81,3067.5,5.7046
4565.71,5582.03,2812.06,0.3738
4523.34,4982.31,3116.7,0.8342
4580,5463,3064.5,5.3898
4623.44,5492.81,3067.5,5.7046
4572,5323,3060.5,3.5134
4588.55,5432.64,3014.5,3.195
4641.6,5341.61,2998.31,4.5122
4520.81,5463,3057.32,1.2408
4580,5463,3039.5,3.3346
4580,5463,2964.5,1.4402
4623.44,5492.81,3067.5,5.7046
4588.75,5432.36,3064.5,3.5716
4580,5463,2814.5,0.9542
4572,5323,3085.5,2.6582
4580,5463,3089.5,4.5002
4660.44,5102.49,2991.11,3.3452
4580,5463,3039.5,3.3346
4610.46,5462.98,3080.53,2.8036
4616.47,5403.39,3083.53,1.65
4721.42,5301.53,3048.89,2.0206
4578.04,5343.54,3085.57,1.7028
4572,5323,2760.5,0.7654
4580,5463,3064.5,5.3898
4805.2,5042.46,3047.02,0.0302
4709.48,5282,3057.48,0.7938
4572,5323,2985.5,1.5392
4714.88,5164.52,2998.04,0.6138
4580,5463,3064.5,5.3898
4659.25,5341.92,3016.02,1.841
4666.19,5519.61,2853.65,1.0908
4580,5463,3014.5,3.219
4572,5323,3035.5,1.0998
4580,5463,2989.5,2.2682
4660.44,5102.49,2991.11,3.3452
4671.59,5582.58,2918.31,0.4338
4458,5399,3082.5,0.918
4623.44,5492.81,3067.5,5.7046
4471.17,5405.28,3084.23,1.041
4681.75,5163.83,3060.89,0.5222
4621.07,5642.93,2906.13,0.3618
4622.7,5492.55,3017.51,2.5158
4554.46,5221.75,3063.45,1.7674
4609.69,5283.76,3027.82,1.5288
4580,5463,3064.5,5.3898
4591.92,5524.06,2871.59,1.382
4572.14,5222.03,3081.13,1.1776
4581.1,5405.24,3048.24,2.982
4622.7,5492.55,3017.51,2.5158
4626.04,5374.95,3090.5,2.094
4580,5463,3089.5,4.5002
4620.31,4911.42,3045.59,0.1054
4588.75,5432.36,3064.5,3.5716
4717.16,5523.19,2993.81,0.441
4707.3,5313.38,3065.78,3.029
4610.46,5462.98,3080.53,2.8036
4581.1,5405.24,3048.24,2.982
4691.72,5429.87,2987.5,2.3
4623.44,5492.81,3067.5,5.7046
4570,5184,2918.5,1.6936
4622.7,5492.55,3017.51,2.5158
4541.7,5522.21,2901.79,1.4148
4580,5463,3089.5,4.5002
4583.5,5402.4,2960.69,1.2738
4610.46,5462.98,3080.53,2.8036
4623.44,5492.81,3067.5,5.7046
4627.42,5402.77,2903.42,0.6856
4542.87,5343.97,3050.04,0.1802
4578.04,5343.54,3085.57,1.7028
4516.85,5280.33,3048.99,1.2858
4580,5463,3064.5,5.3898
4580,5463,3064.5,5.3898
4583.57,5584.86,2997.7,0.6228
4554.46,5221.75,3063.45,1.7674
4580,5463,3064.5,5.3898
4641.6,5341.61,2998.31,4.5122
4707.3,5313.38,3065.78,3.029
4580,5463,3014.5,3.219
4622.7,5492.55,3017.51,2.5158
4647.15,5164.49,3024.8,0.6724
4751.49,5282.58,3025.48,0.9076
4580,5463,3064.5,5.3898
4623.44,5492.81,3067.5,5.7046
4580,5463,3089.5,4.5002
4580,5463,3064.5,5.3898
4645.43,5280.92,2919.42,0.6542
4707.3,5313.38,3065.78,3.029
4572,5323,3060.5,3.5134
4691.72,5429.87,2987.5,2.3
4592.08,5315.89,2968.38,1.5588
4592.76,5462.3,3062.88,3.7234
4592.76,5462.3,3062.88,3.7234
4529.14,5164.88,3002.75,1.593
4674.13,5282,3022.13,1.1746
4707.3,5313.38,3065.78,3.029
4527.51,4898.06,3064.8,0.6362
4583.5,5402.4,2960.69,1.2738
4588.75,5432.36,3064.5,3.5716
4572,5323,3035.5,1.0998
4622.7,5492.55,3017.51,2.5158
4691.72,5429.87,2987.5,2.3
4364.68,4979.54,2923.52,0.252
4623.44,5492.81,3067.5,5.7046
4554.46,5221.75,3063.45,1.7674
4565.88,5402.31,2942.96,1.8258
4638.77,5282,2986.77,0.4278
4693.18,5325.23,3082.67,2.2652
4580,5463,3014.5,3.219
4335,5336,2757.5,0.6602
4707.3,5313.38,3065.78,3.029
4676.89,5342.23,3033.73,1.9306
4648.49,5519.42,2836,1.5316
4446.55,5640.84,2826.93,0.2792
4554.46,5221.75,3063.45,1.7674
4580,5463,3014.5,3.219
4666.19,5519.61,2853.65,1.0908
4641.6,5341.61,2998.31,4.5122
4777.9,5254.14,2981.33,1.0532
4595.25,5165.49,2970.67,1.5768
4458,5399,3132.5,0.0244
4572,5323,3085.5,2.6582
4707.3,5313.38,3065.78,3.029
4693.18,5325.23,3082.67,2.2652
4539.68,5460.26,3009.94,1.3428
4578.04,5343.54,3085.57,1.7028
4581.1,5405.24,3048.24,2.982
4570,5184,2918.5,1.6936
4641.6,5341.61,2998.31,4.5122
4623.44,5492.81,3067.5,5.7046
4580,5463,2989.5,2.2682
4530.09,5580.07,2861.06,0.6587
4623.44,5492.81,3067.5,5.7046
4495.21,5542.29,2973.02,0.5868
4694.53,5342.54,3051.44,2.142
4572,5323,3085.5,2.6582
4660.44,5102.49,2991.11,3.3452
4275.06,5042.74,2995.43,1.2574
4694.53,5342.54,3051.44,2.142
4622.7,5492.55,3017.51,2.5158
4580,5463,2864.5,1.3712
4580,5463,3039.5,3.3346
4785.15,5567.3,2891.29,0.281
4580,5463,3039.5,3.3346
4580,5463,3089.5,4.5002
4664.45,5461.35,3042.53,1.9246
4452.69,5521.74,2814.02,0.3293
4580,5463,3039.5,3.3346
4598.79,5404.32,3065.88,2.2292
4582.51,5226.81,3006.7,1.8034
4676.89,5342.23,3033.73,1.9306
4554.46,5221.75,3063.45,1.7674
4616.47,5403.39,3083.53,1.65
4581.1,5405.24,3048.24,2.982
4622.7,5492.55,3017.51,2.5158
4580,5463,3014.5,3.219
4580,5463,3039.5,3.3346
4580,5463,3064.5,5.3898
4588.65,5432.5,3039.5,2.9056
4577.02,5308.19,2949.98,1.2588
4721.42,5301.53,3048.89,2.0206
4580,5463,3039.5,3.3346
4694.53,5342.54,3051.44,2.142
4660.44,5102.49,2991.11,3.3452
4623.44,5492.81,3067.5,5.7046
4637.24,5642.76,2925.2,0.6106
4660.44,5102.49,2991.11,3.3452
4618.73,5402.58,2996.17,0.782
4504.2,5105.97,2935.65,0.587
4623.44,5492.81,3067.5,5.7046
4516.92,5100.59,3026.3,1.0606
4580,5463,2989.5,2.2682
4623.44,5492.81,3067.5,5.7046
4592.08,5315.89,2968.38,1.5588
4580,5463,3089.5,4.5002
4292.58,5042.77,3013.27,0.329
4763.78,5265.99,2998.22,1.2392
4586.69,5464,2884.79,0.9214
4582.51,5226.81,3006.7,1.8034
4623.44,5492.81,3067.5,5.7046
4592.76,5462.3,3062.88,3.7234
4592.76,5462.3,3062.88,3.7234
4691.72,5429.87,2987.5,2.3
4595.58,5523.69,3042.04,0.8118
4691.81,5282,3039.81,0.9258
4622.7,5492.55,3017.51,2.5158
4580,5463,3014.5,3.219
4694.53,5342.54,3051.44,2.142
4580,5463,3014.5,3.219
4610.46,5462.98,3080.53,2.8036
4580,5463,3014.5,3.219
4691.72,5429.87,2987.5,2.3
4741.75,5041.02,2969.75,0.3182
4622.7,5492.55,3017.51,2.5158
4588.55,5432.64,3014.5,3.195
4325,5053,3067.5,0.5688
4707.3,5313.38,3065.78,3.029
4623.44,5492.81,3067.5,5.7046
4580,5463,2864.5,1.3712
4588.55,5432.64,3014.5,3.195
4415.94,5523.51,3037.6,0.2146
4691.72,5429.87,2987.5,2.3
4580,5463,3014.5,3.219
4588.65,5432.5,3039.5,2.9056
4580,5463,2939.5,1.3082
4612.9,5522.58,2972.01,1.0084
4610.46,5462.98,3080.53,2.8036
4610.46,5462.98,3080.53,2.8036
4627.7,5523.81,2906.51,1.31
4570,5184,2868.5,0.9362
4588.55,5432.64,3014.5,3.195
4588.65,5432.5,3039.5,2.9056
4610.46,5462.98,3080.53,2.8036
4749.66,5277.84,3015.11,1.2706
4572,5323,3060.5,3.5134
4565.88,5402.31,2942.96,1.8258
4707.3,5313.38,3065.78,3.029
4572,5323,3060.5,3.5134
4580,5463,3114.5,2.385
4572,5323,2910.5,1.5258
4580,5463,2989.5,2.2682
4622.21,5331.31,3005.19,2.2818
4706.14,5579.1,2876.45,0.2058
4580,5463,3064.5,5.3898
4576.12,5104.84,3005.12,0.7818
4580,5463,2989.5,2.2682
4588.55,5432.64,3014.5,3.195
4580,5463,3089.5,4.5002
4749.66,5277.84,3015.11,1.2706
4530.65,5402.12,2907.48,1.4448
4630.7,5522.67,2989.56,1.5676
4281.99,4983.43,3017.49,0.2448
4609.69,5283.76,3027.82,1.5288
4711.3,5464,3007.67,0.852
4622.7,5492.55,3017.51,2.5158
4721.42,5301.53,3048.89,2.0206
4588.55,5432.64,3014.5,3.195
4570,5184,2993.5,1.919
4653.41,5642.59,2944.27,0.4924
4595.25,5165.49,2970.67,1.5768
4678.43,5030.04,3047.64,0.2432
4630.78,5519.24,2818.36,1.1276
4626.04,5374.95,3090.5,2.094
4678.43,5312.56,3071.51,0.8312
4542.27,5523.32,2989.28,1.4282
4610.46,5462.98,3080.53,2.8036
4622.21,5331.31,3005.19,2.2818
4595.62,5343.32,3103.34,1.6052
4634.97,5576.98,2806.24,0.2716
4580,5463,3064.5,5.3898
4641.6,5341.61,2998.31,4.5122
4564.86,5493.27,3040.5,1.8002
4660.44,5102.49,2991.11,3.3452
4592.76,5462.3,3062.88,3.7234
4580,5463,3039.5,3.3346
4626.04,5374.95,3090.5,2.094
4499.12,5584.2,3083.87,0.537
4610.46,5462.98,3080.53,2.8036
4623.44,5492.81,3067.5,5.7046
4580,5463,3039.5,3.3346
4671.49,5582.54,3002.48,0.3648
4572,5323,3085.5,2.6582
4630.94,5031.28,2989.6,0.3244
4691.88,5429.37,3037.5,0.8418
4458,5399,3082.5,0.918
4693.18,5325.23,3082.67,2.2652
4580,5463,3089.5,4.5002
4530.65,5402.12,2907.48,1.4448
4580,5463,3089.5,4.5002
4572,5323,3085.5,2.6582
4539.73,4904.25,3112.89,0.3064
4622.7,5492.55,3017.51,2.5158
4737.02,5520.35,2924.24,0.3994
4641.6,5341.61,2998.31,4.5122
4557.37,5460.94,3027.59,1.784
4493.17,5165.39,2968.02,0.189
4580,5463,3064.5,5.3898
4622.21,5331.31,3005.19,2.2818
4581.1,5405.24,3048.24,2.982
4721.42,5301.53,3048.89,2.0206
4664.45,5461.35,3042.53,1.9246
4580,5463,3014.5,3.219
4580,5463,3089.5,4.5002
4598.79,5404.32,3065.88,2.2292
4551.79,5033.35,2892.87,0.9602
4626.04,5374.95,3090.5,2.094
4580,5463,2789.5,0.8582
4536.78,5221.47,3045.77,1.161
4542.27,5523.32,2989.28,1.4282
4593.63,5459.62,2971.94,1.3712
4636.35,5402.68,3013.91,1.338
4581.1,5405.24,3048.24,2.982
4543.35,5166.49,2916.54,1.0818
4657.9,5283.25,3085.27,0.5132
4707.3,5313.38,3065.78,3.029
4659.25,5341.92,3016.02,1.841
4659.25,5341.92,3016.02,1.841
4570,5184,2818.5,1.0008
4580,5463,3064.5,5.3898
4623.44,5492.81,3067.5,5.7046
4645.59,5523.69,2923.97,0.9092
4572,5323,3085.5,2.6582
4574.1,5522.03,3107.22,0.1414
4580,5463,3014.5,3.219
4678.17,5102.58,3008.73,0.8792
4593.63,5459.62,2971.94,1.3712
4580,5463,3089.5,4.5002
4623.44,5492.81,3067.5,5.7046
4694.53,5342.54,3051.44,2.142
4580,5463,3064.5,5.3898
4580,5463,3114.5,2.385
4626.04,5374.95,3090.5,2.094
4660.44,5102.49,2991.11,3.3452
4592.76,5462.3,3062.88,3.7234
4641.6,5341.61,2998.31,4.5122
4586.69,5464,2884.79,0.9214
4312.67,5282.87,3115.59,0.1234
4707.3,5313.38,3065.78,3.029
4610.46,5462.98,3080.53,2.8036
4570,5184,2918.5,1.6936
4648.49,5519.42,2836,1.5316
4657.9,5464,2955.01,0.9482
4641.6,5341.61,2998.31,4.5122
4641.6,5341.61,2998.31,4.5122
4572,5323,2935.5,1.523
4275.06,5042.74,2995.43,1.2574
4580,5463,3064.5,5.3898
4593.63,5459.62,2971.94,1.3712
4660.44,5102.49,2991.11,3.3452
4580,5463,3089.5,4.5002
4601,5582.21,2847.48,0.35
4588.65,5432.5,3039.5,2.9056
4676.89,5342.23,3033.73,1.9306
4588.65,5432.5,3039.5,2.9056
4580,5463,3039.5,3.3346
4580,5463,3089.5,4.5002
4467.3,5522.4,3001.9,0.449
4691.72,5429.87,2987.5,2.3
4623.44,5492.81,3067.5,5.7046
4580,5463,3089.5,4.5002
4575.93,5459.19,2954.3,1.0516
4610.46,5462.98,3080.53,2.8036
4591.92,5524.06,2871.59,1.382
4648.5,5522.77,3007.12,1.8648
4626.04,5374.95,3090.5,2.094
4588.55,5432.64,3014.5,3.195
4588.65,5432.5,3039.5,2.9056
4572,5323,2935.5,1.523
4710.09,5370.6,2989.5,1.6202
4468.27,5039.15,2990.08,1.3396
4580,5463,3064.5,5.3898
4580,5463,2739.5,0.8193
4492.68,5409.88,2960,0.4319
4691.72,5429.87,2987.5,2.3
4725.03,4982.75,2974.69,0.0932
4694.53,5342.54,3051.44,2.142
4622.21,5331.31,3005.19,2.2818
4641.6,5341.61,2998.31,4.5122
4546.76,5040.38,3087.36,0.7278
4588.75,5432.36,3064.5,3.5716
4590.37,5224,2854.81,1.1868
4622.7,5492.55,3017.51,2.5158
4580,5463,3039.5,3.3346
4623.44,5492.81,3067.5,5.7046
4721.42,5301.53,3048.89,2.0206
4750.5,4923.21,2778.5,0.1548
4721.42,5301.53,3048.89,2.0206
4580,5463,3064.5,5.3898
4556.65,5167.56,2838.11,1.0052
4588.65,5432.5,3039.5,2.9056
4571.02,5340.38,2927.48,1.316
4682.15,5461.78,3060.18,2.3778
4675.7,5464,2972.56,1.1312
4580,5463,3064.5,5.3898
4577.02,5308.19,2949.98,1.2588
4641.6,5341.61,2998.31,4.5122
4664.45,5461.35,3042.53,1.9246
4664.45,5461.35,3042.53,1.9246
4256.5,5458.64,2982,0.2132
4641.6,5341.61,2998.31,4.5122
4541.7,5522.21,2901.79,1.4148
4648.5,5522.77,3007.12,1.8648
4626.04,5374.95,3090.5,2.094
4521.41,4894.96,3040.76,0.327
4570,5184,3018.5,1.2138
4641.6,5341.61,2998.31,4.5122
4636.35,5402.68,3013.91,1.338
4707.3,5313.38,3065.78,3.029
4572,5323,3110.5,1.279
4580,5463,3064.5,5.3898
4572,5323,3110.5,1.279
4487.45,5538.2,3022.24,1.2168
4466.08,5220.36,2975.06,0.2314
4622.7,5492.55,3017.51,2.5158
4541.7,5522.21,2901.79,1.4148
4613.35,5523.81,3059.62,1.0894
4580,5463,3089.5,4.5002
4749.13,5102.95,3079.19,0.021
4249.19,4983.54,2979.76,0.222
4622.7,5492.55,3017.51,2.5158
4622.21,5331.31,3005.19,2.2818
4588.55,5432.64,3014.5,3.195
4543.35,5166.49,2916.54,1.0818
4561.3,5642.91,3024.67,0.2536
4580,5463,3089.5,4.5002
4707.3,5313.38,3065.78,3.029
4710.09,5370.6,2989.5,1.6202
4580,5463,3089.5,4.5002
4693.18,5325.23,3082.67,2.2652
4444.01,4980.92,3020.11,0.5296
4589.48,5102.12,2920.65,1.1868
4580,5463,3089.5,4.5002
4572,5323,2910.5,1.5258
4580,5463,3039.5,3.3346
4588.65,5432.5,3039.5,2.9056
4623.44,5492.81,3067.5,5.7046
4572,5323,3085.5,2.6582
4572,5323,3060.5,3.5134
4693.18,5325.23,3082.67,2.2652
4580,5463,2989.5,2.2682
4580,5463,3064.5,5.3898
4383.04,5405.92,2931.42,0.297
4549.49,5463,3098.28,0.0288
4580,5463,3014.5,3.219
4572,5323,2985.5,1.5392
4572,5323,3085.5,2.6582
4450.18,5163.3,3077.73,0.2506
4468.27,5039.15,2990.08,1.3396
4663.11,5281.2,2937.1,0.6542
4580,5463,2989.5,2.2682
4610.46,5462.98,3080.53,2.8036
4652.76,5577.51,2823.79,0.1968
4622.7,5492.55,3017.51,2.5158
4507.19,5403.53,3054.73,0.7954
4671.58,5402.86,3049.39,1.3128
4592.76,5462.3,3062.88,3.7234
4623.44,5492.81,3067.5,5.7046
4580,5463,3014.5,3.219
4626.04,5374.95,3090.5,2.094
4588.75,5432.36,3064.5,3.5716
4580,5463,2939.5,1.3082
4580,5463,3089.5,4.5002
4489.45,5403.87,3037.11,0.6034
4660.44,5102.49,2991.11,3.3452
4536.78,5221.47,3045.77,1.161
4682.15,5461.78,3060.18,2.3778
4777.9,5254.14,2981.33,1.0532
4622.7,5492.55,3017.51,2.5158
4588.65,5432.5,3039.5,2.9056
4623.44,5492.81,3067.5,5.7046
4570,5184,2768.5,1.2002
4660.44,5102.49,2991.11,3.3452
4623.44,5492.81,3067.5,5.7046
4580,5463,3014.5,3.219
4580,5463,3064.5,5.3898
4557.37,5460.94,3027.59,1.784
4623.44,5492.81,3067.5,5.7046
4572,5323,3060.5,3.5134
4471.94,5530.02,3120.69,0.0574
4595.62,5343.32,3103.34,1.6052
4580,5463,3064.5,5.3898
4255.12,5282.27,2950.32,0.2148
4660.44,5102.49,2991.11,3.3452
4580,5463,3064.5,5.3898
4612.08,5104.27,3039.85,0.7024
4580,5463,3039.5,3.3346
4578.04,5343.54,3085.57,1.7028
4588.75,5432.36,3064.5,3.5716
4557.37,5460.94,3027.59,1.784
4557.37,5460.94,3027.59,1.784
4693.18,5325.23,3082.67,2.2652
4583.57,5584.86,2997.7,0.6228
4485.65,5163.61,3112.96,0.2508
4580,5463,3064.5,5.3898
4580,5463,3064.5,5.3898
4750.7,4923.13,2903.5,0.0782
4564.86,5493.27,3040.5,1.8002
4580,5463,3089.5,4.5002
4583.57,5584.86,2997.7,0.6228
4583.57,5584.86,2997.7,0.6228
4707.3,5313.38,3065.78,3.029
4589.48,5102.12,2920.65,1.1868
4598.79,5404.32,3065.88,2.2292
4560.04,5523.44,3006.87,1.5002
4671.58,5402.86,3049.39,1.3128
4572,5323,3085.5,2.6582
4580,5463,3064.5,5.3898
4623.44,5492.81,3067.5,5.7046
4749.66,5277.84,3015.11,1.2706
4536.78,5221.47,3045.77,1.161
4707.3,5313.38,3065.78,3.029
4580,5463,3064.5,5.3898
4623.44,5492.81,3067.5,5.7046
4572,5323,2910.5,1.5258
4626.04,5374.95,3090.5,2.094
4693.18,5325.23,3082.67,2.2652
4623.44,5492.81,3067.5,5.7046
4468.27,5039.15,2990.08,1.3396
4648.5,5522.77,3007.12,1.8648
4660.44,5102.49,2991.11,3.3452
4216.38,4983.66,2942.02,0.5928
4580,5463,3064.5,5.3898
4580,5463,3089.5,4.5002
4622.7,5492.55,3017.51,2.5158
4577.3,5522.39,2936.9,1.109
4697.3,5164.86,2980.27,0.4878
4589.48,5102.12,2920.65,1.1868
4681.42,5343.17,2943.14,0.797
4546.89,5292.77,2913.18,1.1178
4513.28,5284.77,2912.91,0.248
4516.92,5100.59,3026.3,1.0606
4609.07,5702.78,3010.25,0.0618
4556.4,5643.61,2829.87,0.2988
4572,5323,3085.5,2.6582
4626.04,5374.95,3090.5,2.094
4588.65,5432.5,3039.5,2.9056
4622.7,5492.55,3017.51,2.5158
4580,5463,3039.5,3.3346
4588.55,5432.64,3014.5,3.195
4487.45,5538.2,3022.24,1.2168
4694.53,5342.54,3051.44,2.142
4592.76,5462.3,3062.88,3.7234
4335,5336,2957.5,0.2056
4572,5323,2910.5,1.5258
4460.94,4912.25,2886.77,0.618
4487.45,5538.2,3022.24,1.2168
4594.1,5104.55,3022.48,0.924
4660.44,5102.49,2991.11,3.3452
4580,5463,3064.5,5.3898
4623.44,5492.81,3067.5,5.7046
4485.2,5585.01,3063.12,1.0396
4580,5463,3039.5,3.3346
4536.78,5221.47,3045.77,1.161
4572,5323,3035.5,1.0998
4637.24,5642.76,2925.2,0.6106
4572,5323,3060.5,3.5134
4636.35,5402.68,3013.91,1.338
4570,5184,2768.5,1.2002
4499.09,5544.34,2948.41,0.5688
4580,5463,2989.5,2.2682
4588.55,5432.64,3014.5,3.195
4641.6,5341.61,2998.31,4.5122
4609.69,5283.76,3027.82,1.5288
4572,5323,3085.5,2.6582
4570,5184,2993.5,1.919
4648.5,5522.77,3007.12,1.8648
4623.44,5492.81,3067.5,5.7046
4682.15,5461.78,3060.18,2.3778
4583.57,5584.86,2997.7,0.6228
4707.3,5313.38,3065.78,3.029
4592.76,5462.3,3062.88,3.7234
4645.43,5280.92,2919.42,0.6542
4588.65,5432.5,3039.5,2.9056
4623.44,5492.81,3067.5,5.7046
4588.67,5340.69,2945.19,1.253
4592.76,5462.3,3062.88,3.7234
4660.44,5102.49,2991.11,3.3452
4581.1,5405.24,3048.24,2.982
4622.21,5331.31,3005.19,2.2818
4529.14,5164.88,3002.75,1.593
4572,5323,2910.5,1.5258
4572,5323,3060.5,3.5134
4588.55,5432.64,3014.5,3.195
4428.6,5640.65,2809.53,0.177
4580,5463,3039.5,3.3346
4580,5463,3014.5,3.219
4598.79,5404.32,3065.88,2.2292
4682.15,5461.78,3060.18,2.3778
4616.47,5403.39,3083.53,1.65
4564.94,5493.12,3090.5,0.1204
4572,5323,3085.5,2.6582
4622.21,5331.31,3005.19,2.2818
4545.42,5284.43,2951.22,0.8988
4627.7,5523.81,2906.51,1.31
4707.3,5313.38,3065.78,3.029
4580,5463,3014.5,3.219
4598.79,5404.32,3065.88,2.2292
4580,5463,3089.5,4.5002
4622.21,5331.31,3005.19,2.2818
4660.44,5102.49,2991.11,3.3452
4691.88,5429.37,3037.5,0.8418
4564.9,5493.19,3065.5,1.707
4222.49,5042.65,2941.94,0.3796
4580,5463,3114.5,2.385
4572,5323,3010.5,1.6606
4570,5184,2918.5,1.6936
4572,5323,3010.5,1.6606
4433.59,5523.42,3055.31,0.4066
4572,5323,3085.5,2.6582
4664.45,5461.35,3042.53,1.9246
4541.7,5522.21,2901.79,1.4148
4626.04,5374.95,3090.5,2.094
4581.1,5405.24,3048.24,2.982
4564.86,5493.27,3040.5,1.8002
4582.51,5226.81,3006.7,1.8034
4694.53,5342.54,3051.44,2.142
4580,5463,3014.5,3.219
4374.74,5640.09,2757.33,0.1809
4623.44,5492.81,3067.5,5.7046
4570,5184,2818.5,1.0008
4691.72,5429.87,2987.5,2.3
4623.44,5492.81,3067.5,5.7046
4584.9,4911.6,3010.3,0.2584
4645.43,5280.92,2919.42,0.6542
4756.29,4982.48,3013.71,0.0738
4641.6,5341.61,2998.31,4.5122
4583.5,5402.4,2960.69,1.2738
4580,5463,3064.5,5.3898
4777.9,5254.14,2981.33,1.0532
4581.1,5405.24,3048.24,2.982
4623.44,5492.81,3067.5,5.7046
4721.42,5301.53,3048.89,2.0206
4721.42,5301.53,3048.89,2.0206
4468.27,5039.15,2990.08,1.3396
4589.81,5222.31,3098.81,0.8176
4572,5323,2785.5,0.873
4580,5463,3064.5,5.3898
4580,5463,3089.5,4.5002
4637.24,5642.76,2925.2,0.6106
4641.6,5341.61,2998.31,4.5122
4524.92,5403.19,3072.34,0.8088
4561.48,5284.26,2970.37,1.5964
4570,5184,2818.5,1.0008
4623.44,5492.81,3067.5,5.7046
4475.19,5165.64,2950.65,0.164
4572,5323,3060.5,3.5134
4572,5323,3060.5,3.5134
4733.48,5402.95,3009.48,0.9244
4646.88,4983.43,2877.14,0.9259
4707.3,5313.38,3065.78,3.029
4592.08,5315.89,2968.38,1.5588
4335,5336,2732.5,0.7815
4580,5463,3064.5,5.3898
4699.27,5523.31,2976.35,0.7654
4580,5463,3064.5,5.3898
4661.59,5776.7,2780.44,0.5568
4694.53,5342.54,3051.44,2.142
4699.27,5523.31,2976.35,0.7654
4580,5463,3089.5,4.5002
4660.44,5102.49,2991.11,3.3452
4588.75,5432.36,3064.5,3.5716
4622.3,5464,2919.9,0.92
4660.44,5102.49,2991.11,3.3452
4533.62,4901.15,3088.85,0.6632
4622.7,5492.55,3017.51,2.5158
4588.75,5432.36,3064.5,3.5716
4580,5463,3014.5,3.219
4610.46,5462.98,3080.53,2.8036
4682.15,5461.78,3060.18,2.3778
4623.44,5492.81,3067.5,5.7046
4624.96,5102.3,2955.88,0.983
4460.94,4912.25,2886.77,0.618
4565.88,5402.31,2942.96,1.8258
4623.44,5492.81,3067.5,5.7046
4691.15,4911.05,3116.18,0.0766
4580,5463,3064.5,5.3898
4588.75,5432.36,3064.5,3.5716
4507.71,5344.4,3014.5,0.4578
4580,5463,3039.5,3.3346
4656.49,5224,3016.84,0.5568
4641.6,5341.61,2998.31,4.5122
4525.32,5161.75,3066.59,0.9348
4500.41,5641.4,2879.12,0.3888
4529.14,5164.88,3002.75,1.593
4691.72,5429.87,2987.5,2.3
4565.88,5402.31,2942.96,1.8258
4648.5,5522.77,3007.12,1.8648
4572,5323,2935.5,1.523
4660.44,5102.49,2991.11,3.3452
4610.46,5462.98,3080.53,2.8036
4623.44,5492.81,3067.5,5.7046
4592.08,5315.89,2968.38,1.5588
4572,5323,3085.5,2.6582
4580,5463,2739.5,0.8193
4580,5463,3064.5,5.3898
4296.23,5282.7,3068.37,0.2132
4572,5323,3085.5,2.6582
4580,5463,3114.5,2.385
4622.7,5492.55,3017.51,2.5158
4721.42,5301.53,3048.89,2.0206
4742.18,5582.95,2989.15,0.0648
4707.3,5313.38,3065.78,3.029
4618.73,5402.58,2996.17,0.782
4581.1,5405.24,3048.24,2.982
4580,5463,3039.5,3.3346
4418.9,5642.41,2884.24,0.08
4572,5323,2985.5,1.5392
4623.44,5492.81,3067.5,5.7046
4732.46,5164.18,3015.8,0.107
4580,5463,2864.5,1.3712
4543.35,5166.49,2916.54,1.0818
4611.34,5460.05,2989.59,0.756
4713.65,5102.77,3043.96,0.9466
4588.75,5432.36,3064.5,3.5716
4580,5463,3064.5,5.3898
4592.76,5462.3,3062.88,3.7234
4595.25,5165.49,2970.67,1.5768
4580,5463,3064.5,5.3898
4580,5463,3114.5,2.385
4588.65,5432.5,3039.5,2.9056
4623.44,5492.81,3067.5,5.7046
4636.35,5402.68,3013.91,1.338
4660.44,5102.49,2991.11,3.3452
4580,5463,3064.5,5.3898
4641.6,5341.61,2998.31,4.5122
4623.44,5492.81,3067.5,5.7046
4572,5323,2985.5,1.5392
4479.71,5279.35,3015.54,0.1406
4580,5463,3089.5,4.5002
4588.65,5432.5,3039.5,2.9056
4460.94,4912.25,2886.77,0.618
4588.65,5432.5,3039.5,2.9056
4580,5463,3039.5,3.3346
4660.44,5102.49,2991.11,3.3452
4580,5463,2989.5,2.2682
4588.65,5432.5,3039.5,2.9056
4572,5323,3060.5,3.5134
4623.44,5492.81,3067.5,5.7046
4529.14,5164.88,3002.75,1.593
4581.1,5405.24,3048.24,2.982
4626.04,5374.95,3090.5,2.094
4636.3,5582.4,2882.89,0.377
4580,5463,3039.5,3.3346
4257.52,5101.01,2881.78,0.1668
4580,5463,3089.5,4.5002
4721.42,5301.53,3048.89,2.0206
4570,5184,2993.5,1.919
4582.51,5226.81,3006.7,1.8034
4581.1,5405.24,3048.24,2.982
4580,5463,3039.5,3.3346
4583.57,5584.86,2997.7,0.6228
4622.7,5492.55,3017.51,2.5158
4572,5323,3060.5,3.5134
4610.46,5462.98,3080.53,2.8036
4623.44,5492.81,3067.5,5.7046
4641.6,5341.61,2998.31,4.5122
4641.6,5341.61,2998.31,4.5122
4580,5463,3089.5,4.5002
4610.46,5462.98,3080.53,2.8036
4707.3,5313.38,3065.78,3.029
4610.46,5462.98,3080.53,2.8036
4691.72,5429.87,2987.5,2.3
4623.44,5492.81,3067.5,5.7046
4592.76,5462.3,3062.88,3.7234
4721.42,5301.53,3048.89,2.0206
4610.46,5462.98,3080.53,2.8036
4588.75,5432.36,3064.5,3.5716
4676.89,5342.23,3033.73,1.9306
4721.42,5301.53,3048.89,2.0206
4682.15,5461.78,3060.18,2.3778
4676.89,5342.23,3033.73,1.9306
4580,5463,3064.5,5.3898
4623.44,5492.81,3067.5,5.7046
4432.44,5163.15,3060.11,0.5958
4580,5463,3064.5,5.3898
4751.16,5402.98,3027.16,0.3632
4572,5323,3085.5,2.6582
4588.55,5432.64,3014.5,3.195
4701.61,5519.98,2888.94,0.2358
4588.75,5432.36,3064.5,3.5716
4572,5323,3060.5,3.5134
4561.48,5284.26,2970.37,1.5964
4693.18,5325.23,3082.67,2.2652
4581.1,5405.24,3048.24,2.982
4345,5613,2865.5,0.126
4645.59,5523.69,2923.97,0.9092
4646.88,4983.43,2877.14,0.9259
4521.98,5459.58,2992.3,0.7142
4572,5323,3060.5,3.5134
4637.24,5642.76,2925.2,0.6106
4580,5463,3039.5,3.3346
4436.24,5404.89,2984.27,0.2102
4570,5184,2993.5,1.919
4580,5463,3064.5,5.3898
4588.55,5432.64,3014.5,3.195
4572,5323,3085.5,2.6582
4573.36,5701.91,2975.27,0.4022
4580,5463,3089.5,4.5002
4583.45,5032.52,2931.56,0.3484
4660.44,5102.49,2991.11,3.3452
4545.42,5284.43,2951.22,0.8988
4719.32,5520.17,2906.59,0.461
4623.44,5492.81,3067.5,5.7046
4460.94,4912.25,2886.77,0.618
4588.65,5432.5,3039.5,2.9056
4622.7,5492.55,3017.51,2.5158
4576.12,5104.84,3005.12,0.7818
4588.75,5432.36,3064.5,3.5716
4612.9,5522.58,2972.01,1.0084
4676.89,5342.23,3033.73,1.9306
4543.35,5166.49,2916.54,1.0818
4592.08,5315.89,2968.38,1.5588
4572,5323,2935.5,1.523
4660.44,5102.49,2991.11,3.3452
4588.65,5432.5,3039.5,2.9056
4232.79,4983.6,2960.89,0.5868
4678.17,5102.58,3008.73,0.8792
4580,5463,3089.5,4.5002
4588.75,5432.36,3064.5,3.5716
4652.34,5346.73,3041.99,1.1
4570,5184,2993.5,1.919
4595.25,5165.49,2970.67,1.5768
4623.44,5492.81,3067.5,5.7046
4335,5336,3082.5,0.1744
4588.75,5432.36,3064.5,3.5716
4581.1,5405.24,3048.24,2.982
4648.49,5519.42,2836,1.5316
4335,5336,2907.5,0.1726
4588.65,5432.5,3039.5,2.9056
4657.9,5464,2955.01,0.9482
4710.01,5370.09,3064.5,0.383
4537.65,5701.04,2940.29,0.5626
4622.7,5492.55,3017.51,2.5158
4580,5463,2989.5,2.2682
4592.76,5462.3,3062.88,3.7234
4940.66,4631.05,3012.55,0.0226
4572,5323,2960.5,1.1192
4595.62,5343.32,3103.34,1.6052
4641.6,5341.61,2998.31,4.5122
4709.4,4982.89,2955.18,0.1638
4464.5,5641.03,2844.32,0.792
4660.44,5102.49,2991.11,3.3452
4580,5463,3064.5,5.3898
4622.7,5492.55,3017.51,2.5158
4588.75,5432.36,3064.5,3.5716
4626.04,5374.95,3090.5,2.094
4645.58,5343.23,2908.28,0.8162
4588.55,5432.64,3014.5,3.195
4707.3,5313.38,3065.78,3.029
4580,5463,3064.5,5.3898
4443.23,4912.34,2869.12,0.825
4641.6,5341.61,2998.31,4.5122
4565.88,5402.31,2942.96,1.8258
4572,5323,3010.5,1.6606
4564.86,5493.27,3040.5,1.8002
4471.57,5254.22,2821.16,0.098
4580,5463,3039.5,3.3346
4588.75,5432.36,3064.5,3.5716
4580,5463,3089.5,4.5002
4588.55,5432.64,3014.5,3.195
4580,5463,3089.5,4.5002
4626.04,5374.95,3090.5,2.094
4580,5463,3014.5,3.219
4580,5463,3064.5,5.3898
4623.44,5492.81,3067.5,5.7046
4572,5323,3085.5,2.6582
4623.44,5492.81,3067.5,5.7046
4572,5323,3010.5,1.6606
4660.44,5102.49,2991.11,3.3452
4648.49,5519.42,2836,1.5316
4468.27,5039.15,2990.08,1.3396
4598.79,5404.32,3065.88,2.2292
4554.46,5221.75,3063.45,1.7674
4671.58,5402.86,3049.39,1.3128
4516.92,5100.59,3026.3,1.0606
4580,5463,3064.5,5.3898
4588.65,5432.5,3039.5,2.9056
4622.7,5492.55,3017.51,2.5158
4682.15,5461.78,3060.18,2.3778
4623.44,5492.81,3067.5,5.7046
4551.79,5033.35,2892.87,0.9602
4502.77,5420.36,2938.37,0.8896
4648.05,5103.71,3074.58,0.5238
4693.18,5325.23,3082.67,2.2652
4660.44,5102.49,2991.11,3.3452
4572,5323,3060.5,3.5134
4662.51,4983.3,2896.65,0.525
4580,5463,3064.5,5.3898
4623.44,5492.81,3067.5,5.7046
4660.44,5102.49,2991.11,3.3452
4694.53,5342.54,3051.44,2.142
4592.76,5462.3,3062.88,3.7234
4691.8,5429.62,3012.5,1.304
4623.44,5492.81,3067.5,5.7046
4691.72,5429.87,2987.5,2.3
4592.76,5462.3,3062.88,3.7234
4588.55,5432.64,3014.5,3.195
4637.6,5224,2970.55,0.579
4580,5463,3114.5,2.385
4710.02,5040.3,2931.11,0.4368
4610.46,5462.98,3080.53,2.8036
4637.24,5642.76,2925.2,0.6106
4580,5463,3089.5,4.5002
4693.18,5325.23,3082.67,2.2652
4592.76,5462.3,3062.88,3.7234
4698.13,5402.89,2974.13,1.1254
4572,5323,3060.5,3.5134
4645.43,5280.92,2919.42,0.6542
4691.72,5429.87,2987.5,2.3
4565.88,5402.31,2942.96,1.8258
4580,5463,3064.5,5.3898
4707.3,5313.38,3065.78,3.029
4635.81,5225.98,3059.45,0.429
4691.72,5429.87,2987.5,2.3
4623.44,5492.81,3067.5,5.7046
4693.18,5325.23,3082.67,2.2652
4753.12,5343.05,3012.86,0.5
4580,5463,3014.5,3.219
4691.8,5429.62,3012.5,1.304
4610.46,5462.98,3080.53,2.8036
4572,5323,2910.5,1.5258
4588.55,5432.64,3014.5,3.195
4582.51,5226.81,3006.7,1.8034
4572,5323,3060.5,3.5134
4564.86,5493.27,3040.5,1.8002
4468.27,5039.15,2990.08,1.3396
4265.59,4983.49,2998.62,0.3364
4707.3,5313.38,3065.78,3.029
4591.92,5524.06,2871.59,1.382
4580,5463,2839.5,1.11
4772.44,5520.72,2959.53,0.503
4641.6,5341.61,2998.31,4.5122
4630.7,5522.67,2989.56,1.5676
4583.57,5584.86,2997.7,0.6228
4542.27,5523.32,2989.28,1.4282
4637.24,5642.76,2925.2,0.6106
4561.48,5284.26,2970.37,1.5964
4660.44,5102.49,2991.11,3.3452
4580,5463,2989.5,2.2682
4707.3,5313.38,3065.78,3.029
4572,5323,2760.5,0.7654
4660.44,5102.49,2991.11,3.3452
4623.44,5492.81,3067.5,5.7046
4580,5463,3064.5,5.3898
4325,5053,3092.5,0.392
4572,5323,3060.5,3.5134
4588.65,5432.5,3039.5,2.9056
4575.93,5459.19,2954.3,1.0516
4583.57,5584.86,2997.7,0.6228
4580,5463,3039.5,3.3346
4694.53,5342.54,3051.44,2.142
4678.43,5312.56,3071.51,0.8312
4580,5463,3064.5,5.3898
4580,5463,3014.5,3.219
4636.35,5402.68,3013.91,1.338
4580,5463,3114.5,2.385
4623.44,5492.81,3067.5,5.7046
4682.15,5461.78,3060.18,2.3778
4580,5463,2839.5,1.11
4580,5463,3114.5,2.385
4707.3,5313.38,3065.78,3.029
4623.44,5492.81,3067.5,5.7046
4675.7,5464,2972.56,1.1312
4580,5463,3064.5,5.3898
4580,5463,2814.5,0.9542
4572,5323,2935.5,1.523
4580,5463,2989.5,2.2682
4524.92,5403.19,3072.34,0.8088
4660.44,5102.49,2991.11,3.3452
4580,5463,2939.5,1.3082
4678.29,5039.58,2892.48,0.378
4774.05,5559.67,2870.22,0.3424
4707.3,5313.38,3065.78,3.029
4623.44,5492.81,3067.5,5.7046
4609.69,5283.76,3027.82,1.5288
4486.22,5106.25,2918.29,0.4578
4580,5463,3064.5,5.3898
4623.44,5492.81,3067.5,5.7046
4578.04,5343.54,3085.57,1.7028
4682.15,5461.78,3060.18,2.3778
4721.42,5301.53,3048.89,2.0206
4581.1,5405.24,3048.24,2.982
4588.75,5432.36,3064.5,3.5716
4595.25,5165.49,2970.67,1.5768
4581.1,5405.24,3048.24,2.982
4598.79,5404.32,3065.88,2.2292
4588.55,5432.64,3014.5,3.195
4631.12,5523.94,3077.21,0.477
4750.82,4923.08,2978.5,0.0768
4660.44,5102.49,2991.11,3.3452
4713.65,5102.77,3043.96,0.9466
4530.65,5402.12,2907.48,1.4448
4345,5613,3040.5,0.0978
4580,5463,3064.5,5.3898
4616.47,5403.39,3083.53,1.65
4588.65,5432.5,3039.5,2.9056
4582.51,5226.81,3006.7,1.8034
4749.66,5277.84,3015.11,1.2706
4580,5463,3064.5,5.3898
4762.95,5552.04,2849.16,0.2432
4724.53,5582.86,2971.44,0.2536
4588.65,5432.5,3039.5,2.9056
4674.13,5282,3022.13,1.1746
4477.79,5463,2995.89,0.3844
4660.44,5102.49,2991.11,3.3452
4623.44,5492.81,3067.5,5.7046
4594.1,5104.55,3022.48,0.924
4759.52,5580.68,2929.12,0.2598
4335,5336,2757.5,0.6602
4676.89,5342.23,3033.73,1.9306
4580,5463,3039.5,3.3346
4564.86,5493.27,3040.5,1.8002
4707.3,5313.38,3065.78,3.029
4707.3,5313.38,3065.78,3.029
4588.65,5432.5,3039.5,2.9056
4637.24,5642.76,2925.2,0.6106
4645.43,5280.92,2919.42,0.6542
4641.6,5341.61,2998.31,4.5122
4580,5463,3089.5,4.5002
4676.02,5784.22,2733.16,0.1728
4721.42,5301.53,3048.89,2.0206
4588.75,5432.36,3064.5,3.5716
4580,5463,3064.5,5.3898
4578.15,5040.88,3126.27,0.1862
4721.42,5301.53,3048.89,2.0206
4572,5323,3085.5,2.6582
4580,5463,3064.5,5.3898
4598.79,5404.32,3065.88,2.2292
4626.04,5374.95,3090.5,2.094
4694.53,5342.54,3051.44,2.142
4539.68,5460.26,3009.94,1.3428
4671.58,5402.86,3049.39,1.3128
4580,5463,3064.5,5.3898
4623.44,5492.81,3067.5,5.7046
4721.42,5301.53,3048.89,2.0206
4792.02,5242.29,2964.44,0.6542
4580,5463,3039.5,3.3346
4609.69,5283.76,3027.82,1.5288
4622.7,5492.55,3017.51,2.5158
4418.51,5405.24,2966.65,0.2674
4507.9,5642.72,2972.01,0.4666
4610.46,5462.98,3080.53,2.8036
4721.42,5301.53,3048.89,2.0206
4545.42,5284.43,2951.22,0.8988
4414.7,5162.99,3042.5,0.3586
4580,5463,3039.5,3.3346
4648.5,5522.77,3007.12,1.8648
4582.51,5226.81,3006.7,1.8034
4641.6,5341.61,2998.31,4.5122
4580,5463,3064.5,5.3898
4623.44,5492.81,3067.5,5.7046
4622.21,5331.31,3005.19,2.2818
4581.1,5405.24,3048.24,2.982
4659.25,5341.92,3016.02,1.841
4733.48,5402.95,3009.48,0.9244
4721.42,5301.53,3048.89,2.0206
4325,5053,2817.5,0.7292
4309.62,5459.47,3034.94,0.1654
4612.55,5165.16,2988.71,0.9616
4626.04,5374.95,3090.5,2.094
4448.36,5698.85,2852.83,0.4592
4572,5323,3085.5,2.6582
4694.53,5342.54,3051.44,2.142
4610.46,5462.98,3080.53,2.8036
4572,5323,3085.5,2.6582
4487.45,5538.2,3022.24,1.2168
4580,5463,3039.5,3.3346
4572,5323,3085.5,2.6582
4623.44,5492.81,3067.5,5.7046
4572,5323,3085.5,2.6582
4314.79,4983.31,3055.23,0.6032
4623.44,5492.81,3067.5,5.7046
4622.7,5492.55,3017.51,2.5158
4595.58,5523.69,3042.04,0.8118
4623.44,5492.81,3067.5,5.7046
4365.3,5406.26,2913.8,0.323
4335,5336,2757.5,0.6602
4610.46,5462.98,3080.53,2.8036
4847.98,4633.15,2753.64,0.248
4460.94,4912.25,2886.77,0.618
4580,5463,3114.5,2.385
4630.7,5522.67,2989.56,1.5676
4471.17,5405.28,3084.23,1.041
4623.44,5492.81,3067.5,5.7046
4626.04,5374.95,3090.5,2.094
4588.55,5432.64,3014.5,3.195
4593.63,5459.62,2971.94,1.3712
4622.21,5331.31,3005.19,2.2818
4580,5463,3064.5,5.3898
4580,5463,2989.5,2.2682
4622.7,5492.55,3017.51,2.5158
4583.57,5584.86,2997.7,0.6228
4580,5463,3064.5,5.3898
4580,5463,3064.5,5.3898
4580,5463,3064.5,5.3898
4932.24,4631.24,2989.01,0.0318
4576.12,5104.84,3005.12,0.7818
4345,5613,3065.5,0.083
4660.44,5102.49,2991.11,3.3452
4482.45,5641.21,2861.72,0.6648
4623.44,5492.81,3067.5,5.7046
4622.7,5492.55,3017.51,2.5158
4591.92,5524.06,2871.59,1.382
4610.46,5462.98,3080.53,2.8036
4580,5463,3014.5,3.219
4660.44,5102.49,2991.11,3.3452
4582.51,5226.81,3006.7,1.8034
4630.7,5522.67,2989.56,1.5676
4443.23,4912.34,2869.12,0.825
4572,5323,2785.5,0.873
4580,5463,2864.5,1.3712
4572,5323,3085.5,2.6582
4787.55,4982.2,3052.73,0.0512
4572,5323,3085.5,2.6582
4588.75,5432.36,3064.5,3.5716
4693.18,5325.23,3082.67,2.2652
4572,5323,2685.5,1.0172
4335,5336,2832.5,0.353
4611.34,5460.05,2989.59,0.756
4626.04,5374.95,3090.5,2.094
4580,5463,3039.5,3.3346
4623.44,5492.81,3067.5,5.7046
4622.7,5492.55,3017.51,2.5158
4572,5323,2860.5,0.5838
4660.44,5102.49,2991.11,3.3452
4564.86,5493.27,3040.5,1.8002
4660.44,5102.49,2991.11,3.3452
4564.98,5493.04,3115.5,0.0332
4646.56,5038.86,2853.84,0.63
4581.1,5405.24,3048.24,2.982
4580,5463,2914.5,1.0622
4520.81,5463,3057.32,1.2408
4623.96,5341.31,2980.6,0.933
4580,5463,2989.5,2.2682
4546.89,5292.77,2913.18,1.1178
4626.07,5642.72,3000.9,0.2434
4580,5463,3064.5,5.3898
4629.04,5460.49,3007.24,0.6724
4623.44,5492.81,3067.5,5.7046
4335,5336,3057.5,0.1592
4524.92,5403.19,3072.34,0.8088
4580,5463,3039.5,3.3346
4660.44,5102.49,2991.11,3.3452
4682.15,5461.78,3060.18,2.3778
4580,5463,3089.5,4.5002
4588.65,5432.5,3039.5,2.9056
4513.04,5402.03,2889.74,1.254
4581.1,5405.24,3048.24,2.982
4721.42,5301.53,3048.89,2.0206
4335,5336,2757.5,0.6602
4600.28,5226.54,3024.28,1.3202
4561.48,5284.26,2970.37,1.5964
4581.1,5405.24,3048.24,2.982
4564.86,5493.27,3040.5,1.8002
4625.49,5757.91,2898.63,0.2252
4485.2,5585.01,3063.12,1.0396
4623.44,5492.81,3067.5,5.7046
4506.47,5463,3036.85,1.082
4622.7,5492.55,3017.51,2.5158
4623.44,5492.81,3067.5,5.7046
4578.44,5162.58,3119.53,0.45
4524.06,5643.95,2791.73,0.2298
4580,5463,3089.5,4.5002
4565.88,5402.31,2942.96,1.8258
4572,5323,2910.5,1.5258
4580,5463,3089.5,4.5002
4707.3,5313.38,3065.78,3.029
4660.44,5102.49,2991.11,3.3452
4580,5463,3064.5,5.3898
4485.1,5522.34,3019.45,0.915
4660.44,5102.49,2991.11,3.3452
4564.86,5493.27,3040.5,1.8002
4622.7,5492.55,3017.51,2.5158
4580,5463,3089.5,4.5002
4664.45,5461.35,3042.53,1.9246
4335,5336,2982.5,0.1996
4486.59,5458.22,2957,0.5944
4572,5323,3085.5,2.6582
4338.5,5102.57,3091.69,0.2882
4691.72,5429.87,2987.5,2.3
4641.6,5341.61,2998.31,4.5122
4592.76,5462.3,3062.88,3.7234
4570,5184,2993.5,1.919
4693.18,5325.23,3082.67,2.2652
4660.44,5102.49,2991.11,3.3452
4641.6,5341.61,2998.31,4.5122
4598.79,5404.32,3065.88,2.2292
4580,5463,3064.5,5.3898
4564.86,5493.27,3040.5,1.8002
4580,5463,3089.5,4.5002
4542.27,5523.32,2989.28,1.4282
4356.5,5102.91,3138.34,0.023
4580,5463,2989.5,2.2682
4641.6,5341.61,2998.31,4.5122
4530.65,5402.12,2907.48,1.4448
4572,5323,3060.5,3.5134
4572,5323,3060.5,3.5134
4513.04,5402.03,2889.74,1.254
4530.65,5402.12,2907.48,1.4448
4580,5463,3064.5,5.3898
4580,5463,3039.5,3.3346
4580,5463,3039.5,3.3346
4610.46,5462.98,3080.53,2.8036
4572,5323,3085.5,2.6582
4542.27,5523.32,2989.28,1.4282
4598.79,5404.32,3065.88,2.2292
4588.75,5432.36,3064.5,3.5716
4693.18,5325.23,3082.67,2.2652
4580,5463,3089.5,4.5002
4580,5463,3014.5,3.219
4595.25,5165.49,2970.67,1.5768
4588.55,5432.64,3014.5,3.195
4431.7,5522.53,2966.79,0.1126
4622.21,5331.31,3005.19,2.2818
4582.51,5226.81,3006.7,1.8034
4565.88,5402.31,2942.96,1.8258
4750.9,4923.04,3028.5,0.083
4502.77,5420.36,2938.37,0.8896
4572,5323,3085.5,2.6582
4592.76,5462.3,3062.88,3.7234
4601.12,5584.61,3015.5,0.8716
4572,5323,2985.5,1.5392
4534.62,5100.96,3043.94,1.226
4588.75,5432.36,3064.5,3.5716
4436.88,5038.66,2951.17,0.356
4572,5323,3085.5,2.6582
4610.46,5462.98,3080.53,2.8036
4580,5463,3039.5,3.3346
4693.18,5325.23,3082.67,2.2652
4623.44,5492.81,3067.5,5.7046
4580,5463,3039.5,3.3346
4570,5184,2993.5,1.919
4675.7,5464,2972.56,1.1312
4694.15,5039.94,2911.79,0.294
4572,5323,3060.5,3.5134
4572,5323,3085.5,2.6582
4588.55,5432.64,3014.5,3.195
4459.87,4981.2,3039.43,0.4756
4580,5463,3064.5,5.3898
4610.46,5462.98,3080.53,2.8036
4610.46,5462.98,3080.53,2.8036
4623.44,5492.81,3067.5,5.7046
4592.76,5462.3,3062.88,3.7234
4641.6,5341.61,2998.31,4.5122
4588.75,5432.36,3064.5,3.5716
4622.7,5492.55,3017.51,2.5158
4693.18,5325.23,3082.67,2.2652
4622.7,5492.55,3017.51,2.5158
4580,5463,3039.5,3.3346
4659.25,5341.92,3016.02,1.841
4489.91,5161.19,3031.3,0.2208
4526.05,5166.82,2898.49,0.6378
4682.15,5461.78,3060.18,2.3778
4580,5463,3039.5,3.3346
4580,5463,3089.5,4.5002
4763.78,5265.99,2998.22,1.2392
4572,5323,3085.5,2.6582
4588.67,5340.69,2945.19,1.253
4693.18,5325.23,3082.67,2.2652
4588.75,5432.36,3064.5,3.5716
4691.72,5429.87,2987.5,2.3
4570,5184,2918.5,1.6936
4641.83,5283.42,3066.12,0.6198
4626.04,5374.95,3090.5,2.094
4626.04,5374.95,3090.5,2.094
4623.44,5492.81,3067.5,5.7046
4581.1,5405.24,3048.24,2.982
4460.94,4912.25,2886.77,0.618
4513.04,5402.03,2889.74,1.254
4622.7,5492.55,3017.51,2.5158
4630.7,5522.67,2989.56,1.5676
4572,5323,3060.5,3.5134
4749.66,5277.84,3015.11,1.2706
4580,5463,3039.5,3.3346
4572,5323,3085.5,2.6582
4660.44,5102.49,2991.11,3.3452
4580,5463,3064.5,5.3898
4694.53,5342.54,3051.44,2.142
4750.46,4923.23,2753.5,0.116
4609.39,5166.54,2891.42,1.0714
4291.91,5459.19,3017.3,0.2446
4623.44,5492.81,3067.5,5.7046
4588.65,5432.5,3039.5,2.9056
4609.69,5283.76,3027.82,1.5288
4491.33,5540.25,2997.63,0.7548
4678.43,5312.56,3071.51,0.8312
4610.46,5462.98,3080.53,2.8036
4572,5323,3060.5,3.5134
4591.81,5166.88,2873.65,1.1614
4446.1,5099.11,2955.71,0.4308
4486.97,5412.82,3011.3,0.576
4580,5463,3114.5,2.385
4622.7,5492.55,3017.51,2.5158
4595.25,5165.49,2970.67,1.5768
4580,5463,3089.5,4.5002
4604.5,5464,2902.35,0.6828
4513.04,5402.03,2889.74,1.254
4572,5323,3085.5,2.6582
4641.6,5341.61,2998.31,4.5122
4610.46,5462.98,3080.53,2.8036
4572,5323,3060.5,3.5134
4580,5463,3114.5,2.385
4623.44,5492.81,3067.5,5.7046
4580,5463,2989.5,2.2682
4516.76,5277.35,2876.37,0.7008
4347.6,4983.2,3092.96,0.4322
4626.04,5374.95,3090.5,2.094
4580,5463,3064.5,5.3898
4693.18,5325.23,3082.67,2.2652
4572,5323,3085.5,2.6582
4592.76,5462.3,3062.88,3.7234
4580,5463,3089.5,4.5002
4570,5184,3018.5,1.2138
4539.68,5460.26,3009.94,1.3428
4581.1,5405.24,3048.24,2.982
4485.2,5585.01,3063.12,1.0396
4626.04,5374.95,3090.5,2.094
4567.62,5032.94,2912.21,0.3964
4580,5463,3064.5,5.3898
4622.21,5331.31,3005.19,2.2818
4709.48,5282,3057.48,0.7938
4506.47,5463,3036.85,1.082
4592.76,5462.3,3062.88,3.7234
4570,5184,2993.5,1.919
4580,5463,3064.5,5.3898
4623.44,5492.81,3067.5,5.7046
4613.35,5523.81,3059.62,1.0894
4598.79,5404.32,3065.88,2.2292
4588.75,5432.36,3064.5,3.5716
4693.18,5325.23,3082.67,2.2652
4648.5,5522.77,3007.12,1.8648
4641.6,5341.61,2998.31,4.5122
4699.05,5163.5,3078.93,0.2432
4560.04,5523.44,3006.87,1.5002
4458,5399,3107.5,0.1712
4580,5463,3039.5,3.3346
4572,5323,3060.5,3.5134
4648.5,5522.77,3007.12,1.8648
4623.44,5492.81,3067.5,5.7046
4580,5463,3014.5,3.219
4610.46,5462.98,3080.53,2.8036
4588.67,5340.69,2945.19,1.253
4648.49,5519.42,2836,1.5316
4555.07,4982.86,3155.34,0.078
4298.39,4983.37,3036.36,0.2596
4588.65,5432.5,3039.5,2.9056
4513.04,5402.03,2889.74,1.254
4682.15,5461.78,3060.18,2.3778
4735.05,5523.06,3011.27,0.171
4694.53,5342.54,3051.44,2.142
4623.44,5492.81,3067.5,5.7046
4626.04,5374.95,3090.5,2.094
4580,5463,2964.5,1.4402
4464.5,5641.03,2844.32,0.792
4557.37,5460.94,3027.59,1.784
4564.9,5493.19,3065.5,1.707
4421.18,5038.41,2931.71,0.7726
4641.6,5341.61,2998.31,4.5122
4588.75,5432.36,3064.5,3.5716
4580,5463,3064.5,5.3898
4610.46,5462.98,3080.53,2.8036
4721.42,5301.53,3048.89,2.0206
4347.5,5102.74,3115.01,0.1338
4796.25,5574.93,2912.35,0.2866
4557.37,5460.94,3027.59,1.784
4572,5323,3060.5,3.5134
4580,5463,3089.5,4.5002
4666.03,5103.42,3091.95,0.288
4682.15,5461.78,3060.18,2.3778
4499.22,5100.22,3008.65,0.7126
4557.37,5460.94,3027.59,1.784
4777.9,5254.14,2981.33,1.0532
4613.35,5523.81,3059.62,1.0894
4443.23,4912.34,2869.12,0.825
4580,5463,3039.5,3.3346
4490.1,5642.66,2954.45,0.6738
4622.7,5492.55,3017.51,2.5158
4694.53,5342.54,3051.44,2.142
4674.13,5282,3022.13,1.1746
4600.28,5226.54,3024.28,1.3202
4622.7,5492.55,3017.51,2.5158
4580,5463,3064.5,5.3898
4580,5463,3114.5,2.385
4580,5463,3089.5,4.5002
4641.6,5341.61,2998.31,4.5122
4551.79,5033.35,2892.87,0.9602
4580,5463,3064.5,5.3898
4721.42,5301.53,3048.89,2.0206
4362.73,5460.3,3087.88,0.308
4694.53,5342.54,3051.44,2.142
4623.44,5492.81,3067.5,5.7046
4572,5323,3060.5,3.5134
4623.44,5492.81,3067.5,5.7046
4572,5323,2785.5,0.873
4471.17,5405.28,3084.23,1.041
4580,5463,3039.5,3.3346
4580,5463,2989.5,2.2682
4534.62,5100.96,3043.94,1.226
4588.67,5340.69,2945.19,1.253
4660.44,5102.49,2991.11,3.3452
4598.79,5404.32,3065.88,2.2292
4588.65,5432.5,3039.5,2.9056
4641.6,5341.61,2998.31,4.5122
4580,5463,3064.5,5.3898
4622.7,5492.55,3017.51,2.5158
4623.44,5492.81,3067.5,5.7046
4572,5323,3085.5,2.6582
4622.21,5331.31,3005.19,2.2818
4694.28,5224,3109.43,0.0964
4682.15,5461.78,3060.18,2.3778
4721.42,5301.53,3048.89,2.0206
4636.35,5402.68,3013.91,1.338
4580,5463,3089.5,4.5002
4572,5323,2985.5,1.5392
4623.44,5492.81,3067.5,5.7046
4560.04,5523.44,3006.87,1.5002
4694.53,5342.54,3051.44,2.142
4592.76,5462.3,3062.88,3.7234
4572,5323,3085.5,2.6582
4588.65,5432.5,3039.5,2.9056
4580,5463,3089.5,4.5002
4362.67,5042.89,3084.59,0.2884
4540.52,5458.32,2919,0.5654
4610.46,5462.98,3080.53,2.8036
4577.02,5308.19,2949.98,1.2588
4580,5463,3064.5,5.3898
4580,5463,3014.5,3.219
4590.37,5224,2854.81,1.1868
4660.44,5102.49,2991.11,3.3452
4521.48,5168.23,2802.57,0.615
4325,5053,2942.5,0.3694
4581.1,5405.24,3048.24,2.982
4678.14,4983.16,2916.16,0.2042
4541.7,5522.21,2901.79,1.4148
4571.02,5340.38,2927.48,1.316
4641.6,5341.61,2998.31,4.5122
4588.55,5432.64,3014.5,3.195
4581.1,5405.24,3048.24,2.982
4580,5463,2789.5,0.8582
4580,5463,2864.5,1.3712
