X,Y,Z,% Cu,
4630.94,5031.28,2989.6,0.3244,1
4570,5184,2918.5,1.6936,1
4560.04,5523.44,3006.87,1.5002,1
4646.88,4983.43,2877.14,0.9259,1
4622.7,5492.55,3017.51,2.5158,2
4694.53,5342.54,3051.44,2.142,7
4457.21,5165.89,2933.29,0.248,7
4429.52,5588.22,2980.12,0.218,8
4436.88,5038.66,2951.17,0.356,8
4652.34,5346.73,3041.99,1.1,9
4580,5463,3039.5,3.3346,9
4580,5463,3114.5,2.385,11
4622.7,5492.55,3017.51,2.5158,11
4676.89,5342.23,3033.73,1.9306,11
4583.57,5584.86,2997.7,0.6228,14
4551.79,5033.35,2892.87,0.9602,14
4558.23,5458.75,2936.65,0.5688,16
4622.21,5331.31,3005.19,2.2818,17
4623.96,5341.31,2980.6,0.933,18
4580,5463,3114.5,2.385,20
4275.06,5042.74,2995.43,1.2574,21
4561.48,5284.26,2970.37,1.5964,23
4529.14,5164.88,3002.75,1.593,25
4572,5323,3085.5,2.6582,25
4580,5463,3114.5,2.385,27
4565.88,5402.31,2942.96,1.8258,27
4582.51,5226.81,3006.7,1.8034,28
4275.06,5042.74,2995.43,1.2574,28
4570,5184,2818.5,1.0008,29
4548.46,5585.35,2962.1,0.398,29
4713.65,5102.77,3043.96,0.9466,30
4523.34,4982.31,3116.7,0.8342,31
4598.79,5404.32,3065.88,2.2292,31
4623.44,5492.81,3067.5,5.7046,31
4641.83,5283.42,3066.12,0.6198,34
4572,5323,2685.5,1.0172,34
4572,5323,3085.5,2.6582,36
4707.3,5313.38,3065.78,3.029,37
4565.88,5402.31,2942.96,1.8258,38
4659.25,5341.92,3016.02,1.841,38
4572,5323,3035.5,1.0998,39
4577.02,5308.19,2949.98,1.2588,43
4592.76,5462.3,3062.88,3.7234,43
4545.42,5284.43,2951.22,0.8988,44
4572,5323,3010.5,1.6606,44
4536.78,5221.47,3045.77,1.161,45
4588.65,5432.5,3039.5,2.9056,46
4564.9,5493.19,3065.5,1.707,46
4653.81,5582.23,2984.81,0.611,50
4694.53,5342.54,3051.44,2.142,50
4622.21,5331.31,3005.19,2.2818,52
4637.24,5642.76,2925.2,0.6106,55
4432.44,5163.15,3060.11,0.5958,55
4572,5323,2910.5,1.5258,57
4580,5463,2989.5,2.2682,57
4580,5463,3039.5,3.3346,58
4580,5463,3114.5,2.385,60
4598.79,5404.32,3065.88,2.2292,62
4750.7,4923.13,2903.5,0.0782,62
4777.9,5254.14,2981.33,1.0532,63
4580,5463,3064.5,5.3898,65
4588.75,5432.36,3064.5,3.5716,67
4683.9,5519.79,2871.3,0.4488,69
4622.7,5492.55,3017.51,2.5158,73
4609.69,5283.76,3027.82,1.5288,73
4572,5323,3085.5,2.6582,73
4693.18,5325.23,3082.67,2.2652,76
4751.49,5282.58,3025.48,0.9076,77
4580,5463,2939.5,1.3082,78
4572,5323,2685.5,1.0172,78
4648.5,5522.77,3007.12,1.8648,80
4626.97,5166.21,2909.19,0.7772,81
4502.96,5546.38,2923.79,0.72,83
4527.51,4898.06,3064.8,0.6362,84
4653.41,5642.59,2944.27,0.4924,85
4565.88,5402.31,2942.96,1.8258,86
4622.7,5492.55,3017.51,2.5158,88
4580,5463,2989.5,2.2682,90
4400.77,5405.58,2949.03,0.3422,93
4645.43,5280.92,2919.42,0.6542,95
4580,5463,3039.5,3.3346,95
4580,5463,3089.5,4.5002,97
4682.15,5461.78,3060.18,2.3778,97
4591.81,5166.88,2873.65,1.1614,99
4570,5184,2918.5,1.6936,99
4666.03,5103.42,3091.95,0.288,99
4616.47,5403.39,3083.53,1.65,101
4595.62,5343.32,3103.34,1.6052,101
4601.12,5584.61,3015.5,0.8716,102
4648.5,5522.77,3007.12,1.8648,103
4583.5,5402.4,2960.69,1.2738,103
4580,5463,3114.5,2.385,104
4630.7,5522.67,2989.56,1.5676,104
4325,5053,3092.5,0.392,105
4560.04,5523.44,3006.87,1.5002,105
4571.02,5340.38,2927.48,1.316,107
4564.9,5493.19,3065.5,1.707,108
4580,5463,2989.5,2.2682,108
4460.94,4912.25,2886.77,0.618,110
4693.18,5325.23,3082.67,2.2652,110
4448.36,5698.85,2852.83,0.4592,110
4580,5463,3114.5,2.385,112
4238.79,5458.36,2964.36,0.3452,113
4682.15,5461.78,3060.18,2.3778,114
4468.27,5039.15,2990.08,1.3396,114
4693.18,5325.23,3082.67,2.2652,116
4592.08,5315.89,2968.38,1.5588,118
4652.34,5346.73,3041.99,1.1,120
4769.16,5282.86,3043.16,0.3168,121
4485.1,5522.34,3019.45,0.915,121
4443.23,4912.34,2869.12,0.825,122
4572,5323,2985.5,1.5392,123
4721.42,5301.53,3048.89,2.0206,124
4681.42,5343.17,2943.14,0.797,125
4458,5399,3082.5,0.918,125
4580,5463,2789.5,0.8582,126
4275.06,5042.74,2995.43,1.2574,126
4710.09,5370.6,2989.5,1.6202,127
4263.34,5282.35,2973.93,0.1668,128
4433.59,5523.42,3055.31,0.4066,129
4693.18,5325.23,3082.67,2.2652,130
4580,5463,2989.5,2.2682,130
4580,5463,2989.5,2.2682,130
4648.5,5522.77,3007.12,1.8648,132
4598.79,5404.32,3065.88,2.2292,132
4598.79,5404.32,3065.88,2.2292,132
4710.09,5370.6,2989.5,1.6202,132
4663.11,5281.2,2937.1,0.6542,134
4796.25,5574.93,2912.35,0.2866,134
4676.89,5342.23,3033.73,1.9306,136
4564.86,5493.27,3040.5,1.8002,137
4613.35,5523.81,3059.62,1.0894,138
4682.15,5461.78,3060.18,2.3778,138
4502.77,5420.36,2938.37,0.8896,138
4572,5323,3110.5,1.279,140
4564.9,5493.19,3065.5,1.707,140
4598.79,5404.32,3065.88,2.2292,141
4588.75,5432.36,3064.5,3.5716,142
4622.7,5492.55,3017.51,2.5158,144
4554.46,5221.75,3063.45,1.7674,144
4513.04,5402.03,2889.74,1.254,144
4583.57,5584.86,2997.7,0.6228,146
4577.3,5522.39,2936.9,1.109,146
4570,5184,2918.5,1.6936,148
4507.19,5403.53,3054.73,0.7954,149
4520.7,5522.22,3054.56,1.1192,150
4694.53,5342.54,3051.44,2.142,150
4443.23,4912.34,2869.12,0.825,151
4710.01,5370.09,3064.5,0.383,151
4567.19,4911.7,2992.65,0.1352,152
4557.37,5460.94,3027.59,1.784,155
4588.67,5340.69,2945.19,1.253,155
4694.53,5342.54,3051.44,2.142,156
4515.3,4891.86,3016.72,0.3094,157
4715.81,5402.92,2991.81,1.1614,158
4572,5323,3085.5,2.6582,158
4666.19,5519.61,2853.65,1.0908,159
4345,5613,2815.5,0.1412,160
4707.3,5313.38,3065.78,3.029,160
4623.44,5492.81,3067.5,5.7046,160
4575.93,5459.19,2954.3,1.0516,162
4626.04,5374.95,3090.5,2.094,162
4588.67,5340.69,2945.19,1.253,162
4721.42,5301.53,3048.89,2.0206,164
4564.86,5493.27,3040.5,1.8002,165
4622.7,5492.55,3017.51,2.5158,168
4622.21,5331.31,3005.19,2.2818,169
4645.43,5280.92,2919.42,0.6542,170
4572,5323,3085.5,2.6582,170
4694.28,5224,3109.43,0.0964,171
4622.7,5492.55,3017.51,2.5158,173
4693.18,5325.23,3082.67,2.2652,173
4691.72,5429.87,2987.5,2.3,174
4691.72,5429.87,2987.5,2.3,175
4335,5336,2732.5,0.7815,176
4622.7,5492.55,3017.51,2.5158,176
4693.18,5325.23,3082.67,2.2652,176
4570,5184,2993.5,1.919,178
4645.1,5402.8,2921.1,0.5508,179
4622.7,5492.55,3017.51,2.5158,179
4598.79,5404.32,3065.88,2.2292,181
4598.79,5404.32,3065.88,2.2292,184
4570,5184,2918.5,1.6936,185
4595.25,5165.49,2970.67,1.5768,186
4564.9,5493.19,3065.5,1.707,186
4150.26,5456.97,2876.12,0.1355,189
4570,5184,2868.5,0.9362,191
4622.7,5492.55,3017.51,2.5158,191
4365.3,5406.26,2913.8,0.323,193
4666.19,5519.61,2853.65,1.0908,195
4541.7,5522.21,2901.79,1.4148,195
4588.55,5432.64,3014.5,3.195,196
4616.47,5403.39,3083.53,1.65,202
4598.79,5404.32,3065.88,2.2292,203
4572,5323,3085.5,2.6582,205
4458,5399,3132.5,0.0244,206
4626.04,5374.95,3090.5,2.094,208
4622.7,5492.55,3017.51,2.5158,209
4698.46,5281.75,2972.45,0.651,209
4583.5,5402.4,2960.69,1.2738,212
4580,5463,3014.5,3.219,212
4682.15,5461.78,3060.18,2.3778,213
4541.7,5522.21,2901.79,1.4148,215
4507.71,5344.4,3014.5,0.4578,215
4572,5323,3085.5,2.6582,215
4572,5323,3085.5,2.6582,216
4582.51,5226.81,3006.7,1.8034,219
4460.94,4912.25,2886.77,0.618,220
4565.88,5402.31,2942.96,1.8258,221
4691.72,5429.87,2987.5,2.3,223
4681.75,5163.83,3060.89,0.5222,224
4777.9,5254.14,2981.33,1.0532,224
4659.25,5341.92,3016.02,1.841,225
4335,5336,3082.5,0.1744,225
4595.25,5165.49,2970.67,1.5768,225
4572,5323,3085.5,2.6582,225
4645.43,5280.92,2919.42,0.6542,226
4513.04,5402.03,2889.74,1.254,227
4648.5,5522.77,3007.12,1.8648,228
4460.94,4912.25,2886.77,0.618,232
4678.43,5312.56,3071.51,0.8312,232
4577.02,5308.19,2949.98,1.2588,235
4490.12,5344.61,2996.73,0.2686,236
4387.76,5590.63,2917.87,0.12,237
4593.63,5459.62,2971.94,1.3712,237
4580,5463,3039.5,3.3346,238
4622.7,5492.55,3017.51,2.5158,239
4570,5184,2818.5,1.0008,241
4693.18,5325.23,3082.67,2.2652,241
4486.97,5412.82,3011.3,0.576,243
4645.43,5280.92,2919.42,0.6542,244
4630.7,5522.67,2989.56,1.5676,244
4689.19,5402.95,3067.13,0.71,244
4466.08,5220.36,2975.06,0.2314,244
4645.43,5280.92,2919.42,0.6542,247
4580,5463,3014.5,3.219,247
4580,5463,3089.5,4.5002,249
4580,5463,2889.5,0.9574,249
4580,5463,3064.5,5.3898,251
4682.15,5461.78,3060.18,2.3778,252
4622.7,5492.55,3017.51,2.5158,253
4570,5184,3018.5,1.2138,253
4580,5463,3039.5,3.3346,255
4561.48,5284.26,2970.37,1.5964,255
4721.42,5301.53,3048.89,2.0206,260
4626.04,5374.95,3090.5,2.094,261
4570,5184,2993.5,1.919,263
4682.15,5461.78,3060.18,2.3778,264
4557.37,5460.94,3027.59,1.784,267
4622.7,5492.55,3017.51,2.5158,267
4693.18,5325.23,3082.67,2.2652,268
4637.24,5642.76,2925.2,0.6106,269
4611.34,5460.05,2989.59,0.756,270
4622.7,5492.55,3017.51,2.5158,270
4627.7,5523.81,2906.51,1.31,271
4595.58,5523.69,3042.04,0.8118,272
4572,5323,3085.5,2.6582,273
4581.1,5405.24,3048.24,2.982,274
4652.76,5577.51,2823.79,0.1968,276
4691.72,5429.87,2987.5,2.3,277
4582.51,5226.81,3006.7,1.8034,279
4364.68,4979.54,2923.52,0.252,279
4580,5463,2864.5,1.3712,279
4622.7,5492.55,3017.51,2.5158,280
4458,5399,3082.5,0.918,281
4691.72,5429.87,2987.5,2.3,282
4496.35,4912.07,2922.06,0.309,285
4623.96,5341.31,2980.6,0.933,285
4592.76,5462.3,3062.88,3.7234,286
4572,5323,3085.5,2.6582,286
4622.7,5492.55,3017.51,2.5158,287
4790.15,5520.91,2977.18,0.0858,288
4580,5463,2964.5,1.4402,289
4648.5,5522.77,3007.12,1.8648,291
4622.7,5492.55,3017.51,2.5158,291
4694.53,5342.54,3051.44,2.142,291
4572,5323,3085.5,2.6582,291
4645.43,5280.92,2919.42,0.6542,293
4561.48,5284.26,2970.37,1.5964,293
4622.7,5492.55,3017.51,2.5158,295
4546.89,5292.77,2913.18,1.1178,296
4751.49,5282.58,3025.48,0.9076,296
4601.12,5584.61,3015.5,0.8716,298
4676.89,5342.23,3033.73,1.9306,300
4626.04,5374.95,3090.5,2.094,302
4335,5336,3057.5,0.1592,304
4645.43,5280.92,2919.42,0.6542,305
4515.36,5039.89,3048.45,0.609,305
4682.15,5461.78,3060.18,2.3778,310
4691.72,5429.87,2987.5,2.3,310
4645.59,5523.69,2923.97,0.9092,311
4660.44,5102.49,2991.11,3.3452,311
4574.1,5522.03,3107.22,0.1414,313
4721.42,5301.53,3048.89,2.0206,316
4721.42,5301.53,3048.89,2.0206,317
4660.44,5102.49,2991.11,3.3452,317
4572,5323,2760.5,0.7654,319
4580,5463,3114.5,2.385,320
4678.43,5030.04,3047.64,0.2432,320
4682.15,5461.78,3060.18,2.3778,322
4570,5184,2918.5,1.6936,322
4542.87,5343.97,3050.04,0.1802,324
4531.83,5285.06,2894.77,0.3888,324
4626.04,5374.95,3090.5,2.094,327
4565.44,5580.69,2896.42,0.3092,328
4580,5463,2864.5,1.3712,329
4516.92,5100.59,3026.3,1.0606,331
4751.16,5402.98,3027.16,0.3632,332
4881.69,4632.39,2847.79,0.101,333
4580,5463,2989.5,2.2682,334
4699.27,5523.31,2976.35,0.7654,338
4630.78,5519.24,2818.36,1.1276,341
4335,5336,2957.5,0.2056,342
4595.25,5165.49,2970.67,1.5768,342
4249.19,4983.54,2979.76,0.222,343
4572,5323,3085.5,2.6582,343
4557.37,5460.94,3027.59,1.784,344
4622.7,5492.55,3017.51,2.5158,344
4570,5184,3143.5,0.0496,344
4660.44,5102.49,2991.11,3.3452,351
4622.7,5492.55,3017.51,2.5158,353
4735.05,5523.06,3011.27,0.171,353
4671.58,5402.86,3049.39,1.3128,353
4710.09,5370.6,2989.5,1.6202,353
4710.09,5370.6,2989.5,1.6202,354
4806.14,5230.45,2947.55,0.477,354
4774.05,5559.67,2870.22,0.3424,355
4460.94,4912.25,2886.77,0.618,356
4516.85,5280.33,3048.99,1.2858,359
4572,5323,2935.5,1.523,359
4493.67,5228.21,2918.77,0.283,364
4750.94,4923.03,3053.5,0.0436,368
4557.37,5460.94,3027.59,1.784,371
4567.62,5032.94,2912.21,0.3964,371
4484.76,4876.36,2896.5,0.4606,372
4694.53,5342.54,3051.44,2.142,373
4691.72,5429.87,2987.5,2.3,374
4694.53,5342.54,3051.44,2.142,375
4471.17,5405.28,3084.23,1.041,376
4694.53,5342.54,3051.44,2.142,377
4572,5323,2910.5,1.5258,377
4577.3,5522.39,2936.9,1.109,377
4626.04,5374.95,3090.5,2.094,379
4486.22,5106.25,2918.29,0.4578,379
4792.02,5242.29,2964.44,0.6542,379
4572,5323,3085.5,2.6582,382
4335,5336,2907.5,0.1726,385
4572,5323,2985.5,1.5392,385
4622.7,5492.55,3017.51,2.5158,386
4592.08,5315.89,2968.38,1.5588,386
4664.45,5461.35,3042.53,1.9246,387
4982.79,4630.1,3130.23,0.024,389
4572,5323,3085.5,2.6582,390
4627.42,5402.77,2903.42,0.6856,391
4588.55,5432.64,3014.5,3.195,393
4616.47,5403.39,3083.53,1.65,394
4612.9,5522.58,2972.01,1.0084,395
4580,5463,3114.5,2.385,396
4583.11,5580.99,2914.1,0.3844,397
4523.34,4982.31,3116.7,0.8342,399
4641.6,5341.61,2998.31,4.5122,399
4572,5323,3110.5,1.279,399
4694.53,5342.54,3051.44,2.142,399
4691.15,4911.05,3116.18,0.0766,399
4671.58,5402.86,3049.39,1.3128,399
4345,5613,3065.5,0.083,399
4750.46,4923.23,2753.5,0.116,400
4721.42,5301.53,3048.89,2.0206,400
4572,5323,2935.5,1.523,403
4471.17,5405.28,3084.23,1.041,404
4609.39,5166.54,2891.42,1.0714,406
4622.7,5492.55,3017.51,2.5158,407
4594.1,5104.55,3022.48,0.924,410
4581.1,5405.24,3048.24,2.982,410
4595.62,5343.32,3103.34,1.6052,410
4345,5613,2840.5,0.1504,410
4570,5184,2993.5,1.919,410
4335,5336,2757.5,0.6602,414
4572,5323,3085.5,2.6582,414
4580,5463,2989.5,2.2682,419
4582.51,5226.81,3006.7,1.8034,420
4691.72,5429.87,2987.5,2.3,422
4715.81,5402.92,2991.81,1.1614,423
4529.14,5164.88,3002.75,1.593,424
4710.09,5029.21,3086.33,0.123,427
4347.5,5102.74,3115.01,0.1338,427
4750.9,4923.04,3028.5,0.083,428
4539.68,5460.26,3009.94,1.3428,428
4572,5323,3085.5,2.6582,430
4721.42,5301.53,3048.89,2.0206,433
4906.96,4631.82,2918.4,0.066,434
4602.6,4911.51,3027.94,0.2582,434
4622.7,5492.55,3017.51,2.5158,436
4598.79,5404.32,3065.88,2.2292,436
4560.04,5523.44,3006.87,1.5002,436
4580,5463,2989.5,2.2682,439
4274.2,5458.91,2999.65,0.1458,442
4626.04,5374.95,3090.5,2.094,443
4570,5184,2993.5,1.919,444
4721.42,5301.53,3048.89,2.0206,445
4570,5184,2993.5,1.919,446
4693.18,5325.23,3082.67,2.2652,447
4626.04,5374.95,3090.5,2.094,447
4710.09,5370.6,2989.5,1.6202,448
4750.5,4923.21,2778.5,0.1548,449
4415.94,5523.51,3037.6,0.2146,449
4682.15,5461.78,3060.18,2.3778,449
4626.04,5374.95,3090.5,2.094,452
4572,5323,3085.5,2.6582,453
4676.89,5342.23,3033.73,1.9306,456
4622.21,5331.31,3005.19,2.2818,459
4622.21,5331.31,3005.19,2.2818,459
4622.21,5331.31,3005.19,2.2818,461
4965.94,4630.48,3083.16,0.0272,463
4622.7,5492.55,3017.51,2.5158,465
4486.63,5261.93,2839.57,0.173,467
4530.65,5402.12,2907.48,1.4448,468
4593.63,5459.62,2971.94,1.3712,468
4664.45,5461.35,3042.53,1.9246,469
4691.72,5429.87,2987.5,2.3,470
4345,5613,3040.5,0.0978,472
4572,5323,3085.5,2.6582,472
4565.88,5402.31,2942.96,1.8258,475
4572,5323,3035.5,1.0998,475
4626.97,5166.21,2909.19,0.7772,479
4539.68,5460.26,3009.94,1.3428,479
4682.15,5461.78,3060.18,2.3778,481
4463.81,5099.48,2973.36,0.2688,481
4570,5184,2918.5,1.6936,483
4622.21,5331.31,3005.19,2.2818,485
4412.27,4980.37,2981.48,0.2088,485
4721.42,5301.53,3048.89,2.0206,485
4588.67,5340.69,2945.19,1.253,485
4664.45,5461.35,3042.53,1.9246,487
4598.79,5404.32,3065.88,2.2292,487
4618.71,5224,2924.25,0.9572,489
4525.32,5161.75,3066.59,0.9348,490
4795.1,5581.74,2964.22,0.0586,491
4622.7,5492.55,3017.51,2.5158,492
4707.3,5313.38,3065.78,3.029,492
4572,5323,3085.5,2.6582,492
4580,5463,2989.5,2.2682,492
4626.04,5374.95,3090.5,2.094,493
4539.68,5460.26,3009.94,1.3428,493
4503.08,4885.66,2968.63,0.4084,494
4637.24,5642.76,2925.2,0.6106,494
4504.28,5458.9,2974.65,0.7082,494
4590.37,5224,2854.81,1.1868,494
4598.79,5404.32,3065.88,2.2292,495
4529.14,5164.88,3002.75,1.593,497
4706.14,5579.1,2876.45,0.2058,498
4659.25,5341.92,3016.02,1.841,498
4536.78,5221.47,3045.77,1.161,498
4622.21,5331.31,3005.19,2.2818,499
4581.1,5405.24,3048.24,2.982,500
4620.31,4911.42,3045.59,0.1054,500
4694.53,5342.54,3051.44,2.142,501
4572,5323,3060.5,3.5134,501
4595.25,5165.49,2970.67,1.5768,503
4618.71,5224,2924.25,0.9572,503
4335,5336,2757.5,0.6602,504
4471.17,5405.28,3084.23,1.041,504
4572,5323,3085.5,2.6582,504
4564.86,5493.27,3040.5,1.8002,504
4588.65,5432.5,3039.5,2.9056,505
4580,5463,3064.5,5.3898,505
4721.42,5301.53,3048.89,2.0206,507
4572,5323,2760.5,0.7654,509
4671.58,5402.86,3049.39,1.3128,510
4749.66,5277.84,3015.11,1.2706,512
4580,5463,2814.5,0.9542,513
4580,5463,2989.5,2.2682,514
4709.4,4982.89,2955.18,0.1638,514
4691.8,5429.62,3012.5,1.304,515
4580,5463,2964.5,1.4402,517
4693.18,5325.23,3082.67,2.2652,517
4255.12,5282.27,2950.32,0.2148,517
4335,5336,2757.5,0.6602,520
4580,5463,3114.5,2.385,520
4547.76,5580.38,2878.74,0.4308,520
4609.69,5283.76,3027.82,1.5288,522
4693.18,5325.23,3082.67,2.2652,522
4694.53,5342.54,3051.44,2.142,522
4588.65,5432.5,3039.5,2.9056,524
4554.46,5221.75,3063.45,1.7674,524
4570,5184,3018.5,1.2138,525
4618.73,5402.58,2996.17,0.782,525
4572,5323,3085.5,2.6582,525
4572,5323,3085.5,2.6582,525
4691.72,5429.87,2987.5,2.3,525
4652.34,5346.73,3041.99,1.1,528
4598.79,5404.32,3065.88,2.2292,530
4580,5463,3039.5,3.3346,530
4222.49,5042.65,2941.94,0.3796,531
4668.81,5780.46,2756.8,0.2896,532
4626.97,5166.21,2909.19,0.7772,532
4454.96,5345.04,2961.19,0.3139,534
4580,5463,2989.5,2.2682,534
4671.58,5402.86,3049.39,1.3128,536
4622.7,5492.55,3017.51,2.5158,537
4684.1,5522.95,3042.22,0.7038,537
4335,5336,2757.5,0.6602,538
4320.89,5282.96,3139.2,0.027,539
4749.66,5277.84,3015.11,1.2706,539
4609.69,5283.76,3027.82,1.5288,540
4572,5323,3085.5,2.6582,543
4603.83,5746.64,2969.54,0.4038,545
4506.47,5463,3036.85,1.082,546
4516.85,5280.33,3048.99,1.2858,548
4572,5323,3110.5,1.279,548
4600.28,5226.54,3024.28,1.3202,548
4572,5323,2685.5,1.0172,548
4691.72,5429.87,2987.5,2.3,549
4501.93,5700.16,2905.3,0.4278,551
4421.18,5038.41,2931.71,0.7726,552
4570,5184,2993.5,1.919,553
4508.04,5422.87,2914.06,1.0788,554
4238.68,5282.1,2903.1,0.2665,555
4588.55,5432.64,3014.5,3.195,556
4873.26,4632.58,2824.25,0.053,557
4721.42,5301.53,3048.89,2.0206,557
4756.29,4982.48,3013.71,0.0738,558
4622.7,5492.55,3017.51,2.5158,559
4580,5463,3039.5,3.3346,559
4713.65,5102.77,3043.96,0.9466,560
4464.5,5641.03,2844.32,0.792,561
4572,5323,3085.5,2.6582,561
4542.27,5523.32,2989.28,1.4282,561
4626.04,5374.95,3090.5,2.094,562
4749.66,5277.84,3015.11,1.2706,562
4487.45,5538.2,3022.24,1.2168,563
4232.79,4983.6,2960.89,0.5868,564
4583.36,5582.12,2829.77,0.482,565
4580,5463,2864.5,1.3712,567
4572.22,5642.15,2948.71,0.398,568
4626.04,5374.95,3090.5,2.094,568
4610.46,5462.98,3080.53,2.8036,569
4721.42,5301.53,3048.89,2.0206,569
4577.02,5308.19,2949.98,1.2588,569
4710.02,5040.3,2931.11,0.4368,572
4557.37,5460.94,3027.59,1.784,573
4516.92,5100.59,3026.3,1.0606,573
4598.79,5404.32,3065.88,2.2292,574
4534.62,5100.96,3043.94,1.226,574
4714.88,5164.52,2998.04,0.6138,574
4594.1,5104.55,3022.48,0.924,577
4560.73,5162.3,3101.88,0.9272,577
4582.51,5226.81,3006.7,1.8034,581
4578.04,5343.54,3085.57,1.7028,582
4622.7,5492.55,3017.51,2.5158,582
4572,5323,2910.5,1.5258,582
4580,5463,3014.5,3.219,584
4572,5323,3085.5,2.6582,585
4624.96,5102.3,2955.88,0.983,585
4691.72,5429.87,2987.5,2.3,587
4641.6,5341.61,2998.31,4.5122,588
4719.32,5520.17,2906.59,0.461,588
4721.42,5301.53,3048.89,2.0206,589
4622.7,5492.55,3017.51,2.5158,590
4721.42,5301.53,3048.89,2.0206,591
4622.7,5492.55,3017.51,2.5158,592
4536.78,5221.47,3045.77,1.161,592
4485.65,5163.61,3112.96,0.2508,594
4580,5463,2864.5,1.3712,596
4556.65,5167.56,2838.11,1.0052,597
4571.02,5340.38,2927.48,1.316,600
4309.62,5459.47,3034.94,0.1654,602
4580,5463,3014.5,3.219,604
4555.5,5701.47,2957.78,0.555,605
4787.55,4982.2,3052.73,0.0512,606
4636.35,5402.68,3013.91,1.338,606
4626.04,5374.95,3090.5,2.094,607
4570,5184,2843.5,0.8808,609
4570,5184,2993.5,1.919,610
4721.42,5301.53,3048.89,2.0206,611
4595.62,5343.32,3103.34,1.6052,614
4572,5323,2935.5,1.523,615
4592.76,5462.3,3062.88,3.7234,617
4572,5323,2935.5,1.523,619
4312.67,5282.87,3115.59,0.1234,621
4520.81,5463,3057.32,1.2408,622
4583.5,5402.4,2960.69,1.2738,623
4572,5323,2935.5,1.523,623
4539.68,5460.26,3009.94,1.3428,623
4348.81,4979.26,2904.2,0.2385,627
4279.78,5282.53,3021.15,0.1862,635
4572,5323,3085.5,2.6582,635
4502.9,5522.28,3037.01,0.723,635
4560.73,5162.3,3101.88,0.9272,637
4383.04,5405.92,2931.42,0.297,638
4721.42,5301.53,3048.89,2.0206,638
4335,5336,2807.5,0.2658,639
4580,5463,2989.5,2.2682,640
4691.8,5429.62,3012.5,1.304,641
4762.95,5552.04,2849.16,0.2432,642
4572,5323,2960.5,1.1192,643
4451.24,5523.32,3073.02,0.4246,644
4645.58,5343.23,2908.28,0.8162,645
4591.81,5166.88,2873.65,1.1614,645
4454.5,5642.53,2919.35,0.4114,645
4660.44,5102.49,2991.11,3.3452,646
4564.86,5493.27,3040.5,1.8002,648
4460.94,4912.25,2886.77,0.618,649
4741.75,5041.02,2969.75,0.3182,651
4637.24,5642.76,2925.2,0.6106,653
4721.42,5301.53,3048.89,2.0206,653
4335,5336,2732.5,0.7815,654
4785.15,5567.3,2891.29,0.281,654
4637.24,5642.76,2925.2,0.6106,656
4675.7,5464,2972.56,1.1312,657
4586.69,5464,2884.79,0.9214,657
4572,5323,3085.5,2.6582,658
4580,5463,3064.5,5.3898,659
4589.81,5222.31,3098.81,0.8176,660
4626.04,5374.95,3090.5,2.094,660
4588.55,5432.64,3014.5,3.195,663
4570,5184,2993.5,1.919,663
4489.91,5161.19,3031.3,0.2208,664
4588.75,5432.36,3064.5,3.5716,665
4310.1,5042.8,3031.1,0.395,666
4485.1,5522.34,3019.45,0.915,666
4737.02,5520.35,2924.24,0.3994,668
4325,5053,3067.5,0.5688,668
4605.44,5102.44,3114.53,0.1426,669
4580,5463,3114.5,2.385,671
4707.3,5313.38,3065.78,3.029,672
4543.35,5166.49,2916.54,1.0818,672
4682.15,5461.78,3060.18,2.3778,674
4622.7,5492.55,3017.51,2.5158,676
4556.65,5167.56,2838.11,1.0052,677
4721.42,5301.53,3048.89,2.0206,677
4641.6,5341.61,2998.31,4.5122,679
4570,5184,2868.5,0.9362,680
4570,5184,2993.5,1.919,680
4641.6,5341.61,2998.31,4.5122,682
4463.45,5463,2975.41,0.3632,684
4502.77,5420.36,2938.37,0.8896,685
4645.58,5343.23,2908.28,0.8162,686
4572,5323,3085.5,2.6582,687
4580,5463,3089.5,4.5002,688
4460.63,5400.26,3132.85,0.0244,688
4648.49,5519.42,2836,1.5316,690
4710.09,5370.6,2989.5,1.6202,690
4588.55,5432.64,3014.5,3.195,691
4468.23,5106.53,2900.92,0.574,691
4682.15,5461.78,3060.18,2.3778,692
4291.91,5459.19,3017.3,0.2446,692
4579.1,5642.97,3042.22,0.1008,693
4622.7,5492.55,3017.51,2.5158,694
4327.63,5042.83,3048.93,0.4264,695
4519.79,5700.6,2922.8,0.3378,696
4580,5463,2989.5,2.2682,696
4675.7,5464,2972.56,1.1312,701
4345,5613,2765.5,0.0618,702
4565.88,5402.31,2942.96,1.8258,703
4572,5323,2960.5,1.1192,704
4275.06,5042.74,2995.43,1.2574,704
4733.48,5402.95,3009.48,0.9244,705
4580,5463,2964.5,1.4402,708
4572,5323,3060.5,3.5134,713
4660.44,5102.49,2991.11,3.3452,713
4678.17,5102.58,3008.73,0.8792,713
4657.9,5464,2955.01,0.9482,714
4503.39,5163.77,3130.58,0.0348,716
4335,5336,2757.5,0.6602,718
4751.49,5282.58,3025.48,0.9076,719
4529.14,5164.88,3002.75,1.593,721
4698.13,5402.89,2974.13,1.1254,721
4530.65,5402.12,2907.48,1.4448,722
4637.24,5642.76,2925.2,0.6106,723
4513.28,5284.77,2912.91,0.248,723
4664.45,5461.35,3042.53,1.9246,724
4626.04,5374.95,3090.5,2.094,724
4659.25,5341.92,3016.02,1.841,725
4542.27,5523.32,2989.28,1.4282,725
4335,5336,2982.5,0.1996,726
4721.42,5301.53,3048.89,2.0206,726
4362.67,5042.89,3084.59,0.2884,727
4580,5463,2989.5,2.2682,727
4472.54,4870.17,2848.41,0.3828,727
4580,5463,3114.5,2.385,728
4572,5323,2910.5,1.5258,728
4580,5463,2989.5,2.2682,728
4659.25,5341.92,3016.02,1.841,729
4554.46,5221.75,3063.45,1.7674,730
4572,5323,3085.5,2.6582,730
4580,5463,2989.5,2.2682,731
4570,5184,3018.5,1.2138,733
4622.7,5492.55,3017.51,2.5158,734
4600.28,5226.54,3024.28,1.3202,734
4588.65,5432.5,3039.5,2.9056,735
4616.47,5403.39,3083.53,1.65,736
4476.44,5407.79,3059.92,0.6394,736
4506.73,5523.07,2954.11,0.5206,737
4578.04,5343.54,3085.57,1.7028,738
4580,5463,2989.5,2.2682,738
4582.51,5226.81,3006.7,1.8034,740
4565.88,5402.31,2942.96,1.8258,741
4513.04,5583.4,3104.62,0.0214,742
4664.45,5461.35,3042.53,1.9246,744
4694.15,5039.94,2911.79,0.294,745
4520.81,5463,3057.32,1.2408,746
4630.7,5522.67,2989.56,1.5676,748
4626.04,5374.95,3090.5,2.094,748
4630.07,5103.99,3057.22,0.4338,748
4572,5323,3085.5,2.6582,750
4721.42,5301.53,3048.89,2.0206,752
4570,5184,2768.5,1.2002,753
4622.7,5492.55,3017.51,2.5158,756
4629.04,5460.49,3007.24,0.6724,756
4622.7,5492.55,3017.51,2.5158,757
4468.27,5039.15,2990.08,1.3396,757
4636.22,5584.12,3051.1,0.1336,758
4646.77,5030.87,3008.94,0.3784,758
4659.25,5341.92,3016.02,1.841,759
4325,5053,2942.5,0.3694,760
4622.7,5492.55,3017.51,2.5158,763
4487.45,5538.2,3022.24,1.2168,764
4583.5,5402.4,2960.69,1.2738,764
4572,5323,3085.5,2.6582,764
4664.45,5461.35,3042.53,1.9246,765
4636.35,5402.68,3013.91,1.338,766
4751.85,5544.41,2828.1,0.2972,767
4492.13,5463,3016.37,0.8388,768
4626.04,5374.95,3090.5,2.094,768
4592.76,5462.3,3062.88,3.7234,770
4592.76,5462.3,3062.88,3.7234,771
4691.72,5429.87,2987.5,2.3,771
4622.7,5492.55,3017.51,2.5158,774
4338.5,5102.57,3091.69,0.2882,776
4508.04,5422.87,2914.06,1.0788,776
4645.43,5280.92,2919.42,0.6542,778
4595.25,5165.49,2970.67,1.5768,778
4561.48,5284.26,2970.37,1.5964,778
4580,5463,3114.5,2.385,781
4626.04,5374.95,3090.5,2.094,783
4622.21,5331.31,3005.19,2.2818,784
4531.06,5040.14,3067.9,0.3678,784
4664.45,5461.35,3042.53,1.9246,784
4662.14,5165.53,2944.73,0.6542,784
4520.81,5463,3057.32,1.2408,785
4622.3,5464,2919.9,0.92,788
4572,5323,2985.5,1.5392,788
4530.09,5580.07,2861.06,0.6587,792
4648.5,5522.77,3007.12,1.8648,793
4693.18,5325.23,3082.67,2.2652,793
4564.94,5493.12,3090.5,0.1204,793
4490.1,5642.66,2954.45,0.6738,796
4572,5323,3010.5,1.6606,797
4556.65,5167.56,2838.11,1.0052,798
4589.81,5222.31,3098.81,0.8176,799
4565.88,5402.31,2942.96,1.8258,800
4664.45,5461.35,3042.53,1.9246,801
4557.37,5460.94,3027.59,1.784,803
4565.88,5402.31,2942.96,1.8258,804
4623.44,5492.81,3067.5,5.7046,804
4578.04,5343.54,3085.57,1.7028,805
4721.42,5301.53,3048.89,2.0206,805
4513.04,5402.03,2889.74,1.254,808
4721.42,5301.53,3048.89,2.0206,809
4627.7,5523.81,2906.51,1.31,809
4572,5323,3085.5,2.6582,809
4477.79,5463,2995.89,0.3844,810
4572,5323,3085.5,2.6582,810
4580,5463,2739.5,0.8193,811
4580,5463,2989.5,2.2682,811
4641.6,5341.61,2998.31,4.5122,812
4580,5463,3014.5,3.219,812
4636.35,5402.68,3013.91,1.338,812
4475.19,5165.64,2950.65,0.164,815
4380.54,4979.82,2942.84,0.2702,819
4676.89,5342.23,3033.73,1.9306,819
4586.69,5464,2884.79,0.9214,820
4694.53,5342.54,3051.44,2.142,820
4584.9,4911.6,3010.3,0.2584,822
4634.97,5576.98,2806.24,0.2716,822
4580,5463,2839.5,1.11,823
4557.37,5460.94,3027.59,1.784,824
4713.65,5102.77,3043.96,0.9466,824
4646.88,4983.43,2877.14,0.9259,824
4572,5323,3085.5,2.6582,824
4940.66,4631.05,3012.55,0.0226,826
4721.42,5301.53,3048.89,2.0206,826
4580,5463,2939.5,1.3082,829
4570,5184,2843.5,0.8808,829
4622.7,5492.55,3017.51,2.5158,830
4586.69,5464,2884.79,0.9214,830
4648.5,5522.77,3007.12,1.8648,831
4460.94,4912.25,2886.77,0.618,831
4664.45,5461.35,3042.53,1.9246,832
4698.13,5402.89,2974.13,1.1254,833
4572,5323,2935.5,1.523,836
4691.72,5429.87,2987.5,2.3,837
4530.65,5402.12,2907.48,1.4448,839
4707.3,5313.38,3065.78,3.029,840
4452.57,5038.9,2970.62,0.3796,841
4622.7,5492.55,3017.51,2.5158,843
4693.18,5325.23,3082.67,2.2652,843
4637.03,5163.38,3106.95,0.2838,843
4470.5,5521.83,2831.58,0.386,843
4543.5,5642.84,3007.12,0.5386,845
4598.79,5404.32,3065.88,2.2292,848
4682.47,5362.15,3078.8,0.074,849
4468.27,5039.15,2990.08,1.3396,849
4256.5,5458.64,2982,0.2132,851
4626.04,5374.95,3090.5,2.094,851
4428.6,5640.65,2809.53,0.177,852
4721.42,5301.53,3048.89,2.0206,852
4534.62,5100.96,3043.94,1.226,854
4572,5323,3085.5,2.6582,854
4648.49,5519.42,2836,1.5316,855
4572,5323,3085.5,2.6582,855
4281.99,4983.43,3017.49,0.2448,855
4678.17,5102.58,3008.73,0.8792,858
4221.08,5458.08,2946.71,0.2044,862
4682.15,5461.78,3060.18,2.3778,866
4485.1,5522.34,3019.45,0.915,867
4694.53,5342.54,3051.44,2.142,867
4575.93,5459.19,2954.3,1.0516,871
4694.53,5342.54,3051.44,2.142,871
4335,5336,3107.5,0.177,873
4626.04,5374.95,3090.5,2.094,874
4578.04,5343.54,3085.57,1.7028,876
4436.7,5642.47,2901.79,0.2,882
4622.7,5492.55,3017.51,2.5158,883
4580,5463,2764.5,0.8552,883
4637.24,5642.76,2925.2,0.6106,884
4580,5463,2889.5,0.9574,884
4622.21,5331.31,3005.19,2.2818,885
4691.8,5429.62,3012.5,1.304,886
4723.93,5579.62,2894.01,0.3166,887
4595.25,5165.49,2970.67,1.5768,888
4572,5323,3010.5,1.6606,888
4513.04,5402.03,2889.74,1.254,894
4570,5184,2993.5,1.919,894
4693.18,5325.23,3082.67,2.2652,895
4630.78,5519.24,2818.36,1.1276,895
4572,5323,2985.5,1.5392,898
4561.3,5642.91,3024.67,0.2536,899
4691.72,5429.87,2987.5,2.3,899
4421.18,5038.41,2931.71,0.7726,899
4622.21,5331.31,3005.19,2.2818,901
4679.06,5337.08,3099.56,0.03,902
4495.21,5542.29,2973.02,0.5868,902
4609.74,5402.74,2885.74,0.681,903
4623.44,5492.81,3067.5,5.7046,903
4622.21,5331.31,3005.19,2.2818,904
4666.19,5519.61,2853.65,1.0908,905
4580,5463,3089.5,4.5002,906
4588.75,5432.36,3064.5,3.5716,906
4694.53,5342.54,3051.44,2.142,907
4598.79,5404.32,3065.88,2.2292,908
4600.28,5226.54,3024.28,1.3202,908
4487.45,5538.2,3022.24,1.2168,908
4564.9,5493.19,3065.5,1.707,908
4721.42,5301.53,3048.89,2.0206,910
4557.37,5460.94,3027.59,1.784,911
4580,5463,3114.5,2.385,912
4580,5463,3089.5,4.5002,913
4694.53,5342.54,3051.44,2.142,914
4777.9,5254.14,2981.33,1.0532,914
4616.47,5403.39,3083.53,1.65,915
4610.46,5462.98,3080.53,2.8036,915
4682.15,5461.78,3060.18,2.3778,916
4648.5,5522.77,3007.12,1.8648,918
4694.53,5342.54,3051.44,2.142,918
4666.19,5519.61,2853.65,1.0908,919
4591.92,5524.06,2871.59,1.382,920
4551.79,5033.35,2892.87,0.9602,923
4521.41,4894.96,3040.76,0.327,924
4576.12,5104.84,3005.12,0.7818,926
4631.12,5523.94,3077.21,0.477,929
4572,5323,3085.5,2.6582,929
4501.43,5220.92,3010.42,0.3304,931
4656.49,5224,3016.84,0.5568,931
4513.04,5402.03,2889.74,1.254,931
4292.58,5042.77,3013.27,0.329,931
4436.24,5404.89,2984.27,0.2102,931
4557.37,5460.94,3027.59,1.784,933
4622.21,5331.31,3005.19,2.2818,934
4578.04,5343.54,3085.57,1.7028,934
4546.76,5040.38,3087.36,0.7278,934
4554.46,5221.75,3063.45,1.7674,935
4682.15,5461.78,3060.18,2.3778,935
4570,5184,2793.5,0.705,937
4580,5463,3114.5,2.385,938
4622.7,5492.55,3017.51,2.5158,938
4588.67,5340.69,2945.19,1.253,939
4572,5323,3085.5,2.6582,939
4637.6,5224,2970.55,0.579,939
4572,5323,3035.5,1.0998,940
4648.5,5522.77,3007.12,1.8648,946
4580,5463,2939.5,1.3082,946
4616.47,5403.39,3083.53,1.65,947
4676.89,5342.23,3033.73,1.9306,947
4516.92,5100.59,3026.3,1.0606,948
4693.18,5325.23,3082.67,2.2652,949
4471.17,5405.28,3084.23,1.041,949
4572,5323,3085.5,2.6582,949
4572,5323,2785.5,0.873,950
4596.15,5162.86,3137.18,0.0272,953
4701.61,5519.98,2888.94,0.2358,957
4554.46,5221.75,3063.45,1.7674,957
4588.65,5432.5,3039.5,2.9056,958
4583.57,5584.86,2997.7,0.6228,958
4612.55,5165.16,2988.71,0.9616,958
4581.1,5405.24,3048.24,2.982,959
4498.28,5279.84,3032.27,0.3706,960
4691.72,5429.87,2987.5,2.3,961
4709.48,5282,3057.48,0.7938,962
4721.42,5301.53,3048.89,2.0206,963
4622.7,5492.55,3017.51,2.5158,964
4580,5463,2914.5,1.0622,964
4604.5,5464,2902.35,0.6828,965
4580,5463,2989.5,2.2682,965
4468.27,5039.15,2990.08,1.3396,967
4646.88,4983.43,2877.14,0.9259,968
4691.8,5429.62,3012.5,1.304,969
4595.25,5165.49,2970.67,1.5768,970
4630.7,5522.67,2989.56,1.5676,971
4284.51,5101.53,2951.75,0.3288,971
4571.02,5340.38,2927.48,1.316,973
4626.04,5374.95,3090.5,2.094,973
4580,5463,3014.5,3.219,973
4693.18,5325.23,3082.67,2.2652,974
4704.9,5799.25,2638.61,0.509,974
4580,5463,2989.5,2.2682,975
4464.5,5641.03,2844.32,0.792,976
4570,5184,2768.5,1.2002,976
4335,5336,2757.5,0.6602,977
4593.63,5459.62,2971.94,1.3712,977
4265.59,4983.49,2998.62,0.3364,977
4711.3,5464,3007.67,0.852,978
4374.74,5640.09,2757.33,0.1809,978
4659.25,5341.92,3016.02,1.841,980
4622.7,5492.55,3017.51,2.5158,982
4580,5463,3114.5,2.385,983
4622.7,5492.55,3017.51,2.5158,984
4542.27,5523.32,2989.28,1.4282,984
4671.35,5225.42,3094.62,0.1246,985
4721.42,5301.53,3048.89,2.0206,986
4694.53,5342.54,3051.44,2.142,986
4572,5323,3085.5,2.6582,986
4216.38,4983.66,2942.02,0.5928,988
4622.7,5492.55,3017.51,2.5158,989
4564.9,5493.19,3065.5,1.707,989
4580,5463,2764.5,0.8552,990
4630.78,5519.24,2818.36,1.1276,991
4598.79,5404.32,3065.88,2.2292,991
4489.45,5403.87,3037.11,0.6034,994
4580,5463,3114.5,2.385,995
4565.88,5402.31,2942.96,1.8258,996
4630.7,5522.67,2989.56,1.5676,997
4572,5323,3060.5,3.5134,997
4637.24,5642.76,2925.2,0.6106,999
4805.2,5042.46,3047.02,0.0302,999
4583.57,5584.86,2997.7,0.6228,1001
4622.3,5464,2919.9,0.92,1003
4648.49,5519.42,2836,1.5316,1005
4659.25,5341.92,3016.02,1.841,1006
4626.04,5374.95,3090.5,2.094,1006
4298.39,4983.37,3036.36,0.2596,1008
4591.81,5166.88,2873.65,1.1614,1009
4418.9,5642.41,2884.24,0.08,1010
4666.9,5312.91,3101.64,0.0872,1010
4564.86,5493.27,3040.5,1.8002,1010
4572,5323,2785.5,0.873,1012
4678.81,5312.85,3096.5,0.1144,1012
4418.51,5405.24,2966.65,0.2674,1013
4598.79,5404.32,3065.88,2.2292,1014
4458,5399,3107.5,0.1712,1014
4721.42,5301.53,3048.89,2.0206,1016
4612.9,5522.58,2972.01,1.0084,1017
4588.55,5432.64,3014.5,3.195,1017
4516.85,5280.33,3048.99,1.2858,1018
4530.65,5402.12,2907.48,1.4448,1018
4671.58,5402.86,3049.39,1.3128,1019
4580,5463,2839.5,1.11,1020
4530.65,5402.12,2907.48,1.4448,1021
4676.02,5784.22,2733.16,0.1728,1021
4580,5463,2964.5,1.4402,1026
4246.9,5282.18,2926.71,0.3796,1026
4580,5463,2814.5,0.9542,1026
4570,5184,2993.5,1.919,1027
4772.44,5520.72,2959.53,0.503,1028
4645.59,5523.69,2923.97,0.9092,1028
4570,5184,2818.5,1.0008,1028
4622.21,5331.31,3005.19,2.2818,1032
4660.44,5102.49,2991.11,3.3452,1032
4655.73,4911.23,3080.88,0.1578,1033
4682.15,5461.78,3060.18,2.3778,1033
4659.25,5341.92,3016.02,1.841,1035
4694.53,5342.54,3051.44,2.142,1035
4646.56,5038.86,2853.84,0.63,1036
4581.1,5405.24,3048.24,2.982,1037
4516.85,5280.33,3048.99,1.2858,1037
4572,5323,2935.5,1.523,1038
4580,5463,2839.5,1.11,1041
4546.89,5292.77,2913.18,1.1178,1041
4715.81,5402.92,2991.81,1.1614,1041
4580,5463,3064.5,5.3898,1041
4356.5,5102.91,3138.34,0.023,1043
4335,5336,2932.5,0.1998,1045
4571.02,5340.38,2927.48,1.316,1046
4622.21,5331.31,3005.19,2.2818,1047
4257.53,5042.71,2977.6,0.6782,1048
4572,5323,2985.5,1.5392,1048
4564.86,5493.27,3040.5,1.8002,1048
4648.5,5522.77,3007.12,1.8648,1049
4572,5323,3085.5,2.6582,1049
4572,5323,3085.5,2.6582,1049
4691.72,5429.87,2987.5,2.3,1049
4598.79,5404.32,3065.88,2.2292,1050
4682.15,5461.78,3060.18,2.3778,1050
4575.93,5459.19,2954.3,1.0516,1051
4622.7,5492.55,3017.51,2.5158,1051
4598.79,5404.32,3065.88,2.2292,1051
4598.79,5404.32,3065.88,2.2292,1051
4572,5323,3085.5,2.6582,1054
4691.72,5429.87,2987.5,2.3,1054
4664.45,5461.35,3042.53,1.9246,1055
4659.25,5341.92,3016.02,1.841,1055
4678.43,5312.56,3071.51,0.8312,1056
4572,5323,3085.5,2.6582,1057
4572,5323,3035.5,1.0998,1058
4582.51,5226.81,3006.7,1.8034,1059
4578.04,5343.54,3085.57,1.7028,1059
4580,5463,2864.5,1.3712,1059
4572,5323,2960.5,1.1192,1060
4733.48,5402.95,3009.48,0.9244,1060
4593.63,5459.62,2971.94,1.3712,1060
4580,5463,3114.5,2.385,1062
4572,5323,3085.5,2.6582,1064
4598.79,5404.32,3065.88,2.2292,1065
4583.57,5584.86,2997.7,0.6228,1066
4645.43,5280.92,2919.42,0.6542,1067
4525.32,5161.75,3066.59,0.9348,1071
4626.04,5374.95,3090.5,2.094,1073
4580,5463,2814.5,0.9542,1073
4488.96,5522.95,2936.53,0.4726,1074
4721.42,5301.53,3048.89,2.0206,1075
4482.45,5641.21,2861.72,0.6648,1076
4492.68,5409.88,2960,0.4319,1077
4626.04,5374.95,3090.5,2.094,1077
4446.1,5099.11,2955.71,0.4308,1077
4580,5463,3114.5,2.385,1078
4610.46,5462.98,3080.53,2.8036,1078
4626.04,5374.95,3090.5,2.094,1081
4622.7,5492.55,3017.51,2.5158,1083
4572,5323,3085.5,2.6582,1085
4564.86,5493.27,3040.5,1.8002,1088
4580,5463,2864.5,1.3712,1089
4535.74,5339.77,2892.06,0.5912,1091
4583.57,5584.86,2997.7,0.6228,1094
4582.51,5226.81,3006.7,1.8034,1095
4570,5184,2918.5,1.6936,1095
4554.46,5221.75,3063.45,1.7674,1096
4590.37,5224,2854.81,1.1868,1096
4572,5323,3085.5,2.6582,1096
4578.15,5040.88,3126.27,0.1862,1097
4539.68,5460.26,3009.94,1.3428,1099
4577.02,5308.19,2949.98,1.2588,1100
4609.69,5283.76,3027.82,1.5288,1102
4679.72,5165.19,2962.5,0.429,1102
4694.53,5342.54,3051.44,2.142,1105
4580,5463,2939.5,1.3082,1106
4749.13,5102.95,3079.19,0.021,1106
4626.04,5374.95,3090.5,2.094,1107
4450.18,5163.3,3077.73,0.2506,1107
4564.86,5493.27,3040.5,1.8002,1107
4570,5184,2993.5,1.919,1107
4622.7,5492.55,3017.51,2.5158,1110
4364,4983.14,3111.83,0.3242,1110
4645.43,5280.92,2919.42,0.6542,1113
4543.35,5166.49,2916.54,1.0818,1113
4486.59,5458.22,2957,0.5944,1114
4464.5,5641.03,2844.32,0.792,1114
4421.18,5038.41,2931.71,0.7726,1114
4691.72,5429.87,2987.5,2.3,1115
4580,5463,2764.5,0.8552,1116
4519.11,5221.2,3028.1,0.6604,1118
4657.9,5464,2955.01,0.9482,1119
4592.08,5315.89,2968.38,1.5588,1120
4580,5463,2939.5,1.3082,1121
4572,5323,3010.5,1.6606,1121
4613.35,5523.81,3059.62,1.0894,1122
4678.29,5039.58,2892.48,0.378,1122
4609.69,5283.76,3027.82,1.5288,1124
4693.18,5325.23,3082.67,2.2652,1124
4583.45,5032.52,2931.56,0.3484,1125
4466.44,4867.07,2824.37,0.2881,1125
4257.52,5101.01,2881.78,0.1668,1127
4588.65,5432.5,3039.5,2.9056,1128
4580,5463,2789.5,0.8582,1128
4472.2,5160.91,3013.65,0.296,1128
4572,5323,3085.5,2.6582,1129
4335,5336,2757.5,0.6602,1130
4583.57,5584.86,2997.7,0.6228,1131
4674.13,5282,3022.13,1.1746,1132
4818.45,5590.19,2954.47,0.108,1133
4580,5463,3064.5,5.3898,1134
4580,5463,3114.5,2.385,1135
4580,5463,2989.5,2.2682,1135
4595.62,5343.32,3103.34,1.6052,1136
4541.7,5522.21,2901.79,1.4148,1139
4449.5,5522.47,2984.35,0.2058,1141
4621.07,5642.93,2906.13,0.3618,1141
4413.9,5522.59,2949.24,0.215,1142
4580,5463,2914.5,1.0622,1143
4485.2,5585.01,3063.12,1.0396,1144
4555.07,4982.86,3155.34,0.078,1147
4580,5463,3114.5,2.385,1148
4580,5463,3064.5,5.3898,1148
4582.51,5226.81,3006.7,1.8034,1150
4459.87,4981.2,3039.43,0.4756,1151
4763.78,5265.99,2998.22,1.2392,1151
4570,5184,2918.5,1.6936,1152
4524.06,5643.95,2791.73,0.2298,1152
4504.2,5105.97,2935.65,0.587,1152
4572,5323,3085.5,2.6582,1154
4546.89,5292.77,2913.18,1.1178,1155
4588.75,5432.36,3064.5,3.5716,1155
4694.53,5342.54,3051.44,2.142,1155
4389.79,5037.92,2892.8,0.5404,1156
4588.95,5432.07,3114.5,0.1486,1156
4513.36,5585.84,2926.5,0.29,1157
4580,5463,3089.5,4.5002,1158
4592.08,5315.89,2968.38,1.5588,1158
4622.7,5492.55,3017.51,2.5158,1160
4623.44,5492.81,3067.5,5.7046,1161
4572,5323,3060.5,3.5134,1161
4657.9,5464,2955.01,0.9482,1162
4624.96,5102.3,2955.88,0.983,1162
4645.58,5343.23,2908.28,0.8162,1163
4750.38,4923.26,2703.5,0.24,1163
4694.53,5342.54,3051.44,2.142,1164
4580,5463,2889.5,0.9574,1165
4598.79,5404.32,3065.88,2.2292,1166
4448.41,5220.08,2957.38,0.225,1168
4572,5323,3085.5,2.6582,1168
4572,5323,2985.5,1.5392,1169
4689.12,5225.14,3112.21,0.0678,1169
4572.14,5222.03,3081.13,1.1776,1171
4580,5463,3064.5,5.3898,1172
4540.23,5643.78,2810.8,0.4158,1173
4694.53,5342.54,3051.44,2.142,1175
4693.18,5325.23,3082.67,2.2652,1176
4691.88,5429.37,3037.5,0.8418,1177
4691.96,5429.12,3062.5,0.527,1179
4576.12,5104.84,3005.12,0.7818,1180
4554.46,5221.75,3063.45,1.7674,1181
4460.94,4912.25,2886.77,0.618,1182
4580,5463,2939.5,1.3082,1183
4507.9,5642.72,2972.01,0.4666,1184
4320.51,5102.22,3045.04,0.2914,1184
4691.81,5282,3039.81,0.9258,1184
4471.19,5522.82,2918.94,0.3269,1184
4611.34,5460.05,2989.59,0.756,1185
4600.28,5226.54,3024.28,1.3202,1185
4572,5323,3085.5,2.6582,1187
4606.31,5341,2962.89,0.737,1188
4446.55,5640.84,2826.93,0.2792,1189
4572,5323,3085.5,2.6582,1193
4580,5463,2989.5,2.2682,1193
4275.06,5042.74,2995.43,1.2574,1194
4645.43,5280.92,2919.42,0.6542,1198
4671.49,5582.54,3002.48,0.3648,1199
4671.58,5402.86,3049.39,1.3128,1201
4539.68,5460.26,3009.94,1.3428,1201
4541.7,5522.21,2901.79,1.4148,1203
4622.21,5331.31,3005.19,2.2818,1205
4564.86,5493.27,3040.5,1.8002,1205
4662.43,5039.22,2873.16,0.432,1207
4598.79,5404.32,3065.88,2.2292,1207
4610.46,5462.98,3080.53,2.8036,1209
4582.51,5226.81,3006.7,1.8034,1210
4529.14,5164.88,3002.75,1.593,1212
4638.02,4911.32,3063.24,0.0766,1215
4691.72,5429.87,2987.5,2.3,1219
4694.53,5342.54,3051.44,2.142,1220
4545.84,4907.35,3136.93,0.2866,1221
4750.42,4923.24,2728.5,0.11,1222
4580,5463,2939.5,1.3082,1222
4573.36,5701.91,2975.27,0.4022,1223
4619.05,5163.63,3089.58,0.5448,1225
4634.16,5402.46,3101.18,0.024,1226
4622.7,5492.55,3017.51,2.5158,1227
4721.42,5301.53,3048.89,2.0206,1230
4542.27,5523.32,2989.28,1.4282,1232
4610.46,5462.98,3080.53,2.8036,1233
4362.73,5460.3,3087.88,0.308,1234
4500.45,5339.15,2856.64,0.5335,1236
4580,5463,2989.5,2.2682,1238
4595.62,5343.32,3103.34,1.6052,1239
4592.08,5315.89,2968.38,1.5588,1239
4678.17,5102.58,3008.73,0.8792,1240
4622.7,5492.55,3017.51,2.5158,1242
4600.28,5226.54,3024.28,1.3202,1242
4592.08,5315.89,2968.38,1.5588,1243
4529.14,5164.88,3002.75,1.593,1244
4415.24,5042.98,3138.08,0.0528,1247
4502.77,5420.36,2938.37,0.8896,1248
4345,5613,2865.5,0.126,1249
4562.45,5040.63,3106.82,0.4622,1250
4570,5184,2843.5,0.8808,1250
4674.13,5282,3022.13,1.1746,1252
4721.42,5301.53,3048.89,2.0206,1252
4572,5323,3085.5,2.6582,1252
4560.04,5523.44,3006.87,1.5002,1253
4561.48,5284.26,2970.37,1.5964,1253
4347.56,5406.6,2896.19,0.293,1254
4554.46,5221.75,3063.45,1.7674,1254
4572,5323,2760.5,0.7654,1254
4588.67,5340.69,2945.19,1.253,1255
4932.24,4631.24,2989.01,0.0318,1257
4598.79,5404.32,3065.88,2.2292,1259
4676.89,5342.23,3033.73,1.9306,1259
4715.81,5402.92,2991.81,1.1614,1259
4516.85,5280.33,3048.99,1.2858,1260
4582.51,5226.81,3006.7,1.8034,1261
4694.53,5342.54,3051.44,2.142,1261
4609.69,5283.76,3027.82,1.5288,1263
4557.37,5460.94,3027.59,1.784,1265
4572,5323,3085.5,2.6582,1265
4660.44,5102.49,2991.11,3.3452,1265
4588.65,5432.5,3039.5,2.9056,1266
4325,5053,2917.5,0.4654,1266
4725.03,4982.75,2974.69,0.0932,1266
4598.79,5404.32,3065.88,2.2292,1267
4513.04,5402.03,2889.74,1.254,1268
4549.49,5463,3098.28,0.0288,1268
4588.67,5340.69,2945.19,1.253,1269
4578.04,5343.54,3085.57,1.7028,1275
4557.37,5460.94,3027.59,1.784,1275
4753.12,5343.05,3012.86,0.5,1276
4600.28,5226.54,3024.28,1.3202,1277
4583.5,5402.4,2960.69,1.2738,1277
4564.86,5493.27,3040.5,1.8002,1277
4514.06,4911.97,2939.71,0.5522,1280
4622.7,5492.55,3017.51,2.5158,1280
4648.5,5522.77,3007.12,1.8648,1281
4583.57,5584.86,2997.7,0.6228,1282
4598.79,5404.32,3065.88,2.2292,1282
4572,5323,2910.5,1.5258,1282
4622.7,5492.55,3017.51,2.5158,1283
4623.44,5492.81,3067.5,5.7046,1283
4694.53,5342.54,3051.44,2.142,1284
4572.14,5222.03,3081.13,1.1776,1284
4636.35,5402.68,3013.91,1.338,1284
4610.46,5462.98,3080.53,2.8036,1285
4626.07,5642.72,3000.9,0.2434,1286
4199.98,4983.72,2923.15,0.503,1288
4565.88,5402.31,2942.96,1.8258,1289
4598.79,5404.32,3065.88,2.2292,1290
4611.34,5460.05,2989.59,0.756,1292
4622.21,5331.31,3005.19,2.2818,1293
4664.45,5461.35,3042.53,1.9246,1293
4626.04,5374.95,3090.5,2.094,1295
4345,5613,2940.5,0.1142,1296
4580,5463,3014.5,3.219,1296
4648.5,5522.77,3007.12,1.8648,1298
4465.9,5402.77,3108.54,0.0332,1299
4693.18,5325.23,3082.67,2.2652,1299
4275.06,5042.74,2995.43,1.2574,1300
4618.73,5402.58,2996.17,0.782,1301
4627.7,5523.81,2906.51,1.31,1301
4588.55,5432.64,3014.5,3.195,1302
4554.46,5221.75,3063.45,1.7674,1303
4598.79,5404.32,3065.88,2.2292,1304
4583.57,5584.86,2997.7,0.6228,1306
4716.35,5163.17,3096.98,0.054,1307
4589.81,5222.31,3098.81,0.8176,1308
4572,5323,2860.5,0.5838,1308
4583.57,5584.86,2997.7,0.6228,1310
4564.98,5493.04,3115.5,0.0332,1310
4572,5323,3085.5,2.6582,1313
4580,5463,2989.5,2.2682,1316
4554.46,5221.75,3063.45,1.7674,1317
4570,5184,2818.5,1.0008,1319
4598.79,5404.32,3065.88,2.2292,1320
4541.7,5522.21,2901.79,1.4148,1320
4345.03,5460.03,3070.24,0.2236,1321
4558.14,5105.12,2987.75,0.545,1321
4622.7,5492.55,3017.51,2.5158,1323
4659.25,5341.92,3016.02,1.841,1323
4580,5463,3039.5,3.3346,1324
4664.45,5461.35,3042.53,1.9246,1325
4557.37,5460.94,3027.59,1.784,1326
4572,5323,3085.5,2.6582,1326
4693.77,4983.02,2935.67,0.2178,1327
4693.18,5325.23,3082.67,2.2652,1329
4314.79,4983.31,3055.23,0.6032,1331
4622.21,5331.31,3005.19,2.2818,1334
4622.7,5492.55,3017.51,2.5158,1334
4401.68,5589.82,2938.62,0.1352,1334
4609.39,5166.54,2891.42,1.0714,1335
4557.37,5460.94,3027.59,1.784,1337
4516.85,5280.33,3048.99,1.2858,1339
4580,5463,2864.5,1.3712,1341
4598.79,5404.32,3065.88,2.2292,1342
4575.93,5459.19,2954.3,1.0516,1344
4468.88,5523.23,3090.73,0.5538,1345
4682.15,5461.78,3060.18,2.3778,1345
4622.7,5492.55,3017.51,2.5158,1348
4380.4,4983.09,3130.7,0.1894,1348
4721.42,5301.53,3048.89,2.0206,1349
4630.78,5519.24,2818.36,1.1276,1350
4492.24,5415.33,2986.99,0.4352,1354
4500.41,5641.4,2879.12,0.3888,1354
4572,5323,3060.5,3.5134,1355
4529.14,5164.88,3002.75,1.593,1356
4345,5613,2740.5,0.0558,1356
4623.44,5492.81,3067.5,5.7046,1357
4648.5,5522.77,3007.12,1.8648,1358
4733.48,5402.95,3009.48,0.9244,1359
4595.62,5343.32,3103.34,1.6052,1360
4670.55,5578.04,2841.35,0.2836,1360
4572,5323,3085.5,2.6582,1362
4681.42,5343.17,2943.14,0.797,1363
4612.55,5165.16,2988.71,0.9616,1363
4572,5323,3085.5,2.6582,1363
4609.69,5283.76,3027.82,1.5288,1364
4293.51,5101.7,2975.07,0.302,1365
4580,5463,3114.5,2.385,1368
4580,5463,2839.5,1.11,1369
4697.68,5795.49,2662.25,0.5686,1369
4543.35,5166.49,2916.54,1.0818,1370
4557.37,5460.94,3027.59,1.784,1371
4662.51,4983.3,2896.65,0.525,1372
4636.35,5402.68,3013.91,1.338,1374
4335,5336,2757.5,0.6602,1377
4626.04,5374.95,3090.5,2.094,1377
4580,5463,2964.5,1.4402,1380
4693.18,5325.23,3082.67,2.2652,1382
4648.49,5519.42,2836,1.5316,1382
4610.46,5462.98,3080.53,2.8036,1383
4468.27,5039.15,2990.08,1.3396,1383
4572,5323,2910.5,1.5258,1383
4627.7,5523.81,2906.51,1.31,1384
4627.7,5523.81,2906.51,1.31,1385
4691.72,5429.87,2987.5,2.3,1387
4622.21,5331.31,3005.19,2.2818,1388
4622.7,5492.55,3017.51,2.5158,1390
4516.85,5280.33,3048.99,1.2858,1392
4699.27,5523.31,2976.35,0.7654,1392
4648.5,5522.77,3007.12,1.8648,1393
4622.7,5492.55,3017.51,2.5158,1393
4664.45,5461.35,3042.53,1.9246,1393
4571.02,5340.38,2927.48,1.316,1394
4594.1,5104.55,3022.48,0.924,1395
4507.19,5403.53,3054.73,0.7954,1395
4335,5336,2757.5,0.6602,1396
4821.07,5042.82,3066.34,0.0334,1396
4622.7,5492.55,3017.51,2.5158,1397
4609.07,5702.78,3010.25,0.0618,1397
4572.14,5222.03,3081.13,1.1776,1397
4588.55,5432.64,3014.5,3.195,1397
4595.25,5165.49,2970.67,1.5768,1399
4626.04,5374.95,3090.5,2.094,1399
4311.51,5102.05,3021.72,0.1474,1400
4506.47,5463,3036.85,1.082,1401
4570,5184,2993.5,1.919,1404
4492.13,5463,3016.37,0.8388,1405
4592.08,5315.89,2968.38,1.5588,1407
4626.04,5374.95,3090.5,2.094,1407
4749.66,5277.84,3015.11,1.2706,1408
4593.63,5459.62,2971.94,1.3712,1410
4325,5053,2792.5,0.6634,1411
4622.7,5492.55,3017.51,2.5158,1412
4684.83,5224,3086.28,0.3932,1413
4572,5323,2935.5,1.523,1413
4566.02,5585.1,2979.9,0.596,1415
4622.7,5492.55,3017.51,2.5158,1415
4580,5463,3089.5,4.5002,1416
4721.42,5301.53,3048.89,2.0206,1417
4572,5323,3085.5,2.6582,1417
4680.45,5402.86,2956.45,0.6738,1420
4565.88,5402.31,2942.96,1.8258,1421
4582.51,5226.81,3006.7,1.8034,1421
4707.3,5313.38,3065.78,3.029,1421
4580,5463,3064.5,5.3898,1421
4691.81,5282,3039.81,0.9258,1422
4707.3,5313.38,3065.78,3.029,1423
4580,5463,3064.5,5.3898,1423
4467.92,5163.46,3095.34,0.4276,1425
4616.47,5403.39,3083.53,1.65,1427
4484.08,5699.73,2887.81,0.1846,1427
4600.28,5226.54,3024.28,1.3202,1429
4676.89,5342.23,3033.73,1.9306,1429
4543.35,5166.49,2916.54,1.0818,1429
4601,5582.21,2847.48,0.35,1431
4564.86,5493.27,3040.5,1.8002,1431
4533.62,4901.15,3088.85,0.6632,1433
4595.25,5165.49,2970.67,1.5768,1433
4572,5323,3060.5,3.5134,1434
4710.09,5370.6,2989.5,1.6202,1439
4618.27,5754.15,2922.27,0.276,1441
4641.6,5341.61,2998.31,4.5122,1443
4572,5323,3085.5,2.6582,1444
4648.5,5522.77,3007.12,1.8648,1449
4580,5463,2989.5,2.2682,1449
4572,5323,3060.5,3.5134,1450
4694.53,5342.54,3051.44,2.142,1452
4572,5323,3085.5,2.6582,1453
4636.35,5402.68,3013.91,1.338,1453
4622.7,5492.55,3017.51,2.5158,1454
4588.75,5432.36,3064.5,3.5716,1454
4591.92,5524.06,2871.59,1.382,1454
4483.76,5220.64,2992.74,0.1534,1455
4721.42,5301.53,3048.89,2.0206,1458
4694.53,5342.54,3051.44,2.142,1458
4580,5463,3089.5,4.5002,1461
4564.86,5493.27,3040.5,1.8002,1461
4485.2,5585.01,3063.12,1.0396,1462
4591.92,5524.06,2871.59,1.382,1462
4664.45,5461.35,3042.53,1.9246,1463
4622.7,5492.55,3017.51,2.5158,1465
4659.25,5341.92,3016.02,1.841,1465
4516.92,5100.59,3026.3,1.0606,1466
4678.43,5312.56,3071.51,0.8312,1466
4615.11,5031.69,2970.25,0.6182,1467
4572,5323,2910.5,1.5258,1467
4580,5463,2964.5,1.4402,1468
4709.48,5282,3057.48,0.7938,1468
4296.23,5282.7,3068.37,0.2132,1469
4675.7,5464,2972.56,1.1312,1470
4530.65,5402.12,2907.48,1.4448,1471
4630.7,5522.67,2989.56,1.5676,1471
4693.18,5325.23,3082.67,2.2652,1472
4592.76,5462.3,3062.88,3.7234,1473
4546.89,5292.77,2913.18,1.1178,1474
4691.81,5282,3039.81,0.9258,1474
4590.37,5224,2854.81,1.1868,1474
4699.35,5343.14,2960.57,0.6166,1476
4682.15,5461.78,3060.18,2.3778,1477
4694.53,5342.54,3051.44,2.142,1477
4565.71,5582.03,2812.06,0.3738,1477
4571.02,5340.38,2927.48,1.316,1479
4572,5323,3085.5,2.6582,1479
4583.5,5402.4,2960.69,1.2738,1481
4660.44,5102.49,2991.11,3.3452,1481
4506.47,5463,3036.85,1.082,1482
4609.69,5283.76,3027.82,1.5288,1483
4325,5053,2967.5,0.4458,1484
4431.7,5522.53,2966.79,0.1126,1484
4592.76,5462.3,3062.88,3.7234,1485
4550.38,5282,2898.38,0.5852,1486
4595.62,5343.32,3103.34,1.6052,1486
4592.76,5462.3,3062.88,3.7234,1489
4694.53,5342.54,3051.44,2.142,1490
4694.53,5342.54,3051.44,2.142,1491
4548.06,5581.94,2794.35,0.3676,1495
4749.66,5277.84,3015.11,1.2706,1495
4652.34,5346.73,3041.99,1.1,1496
4571.02,5340.38,2927.48,1.316,1497
4485.2,5585.01,3063.12,1.0396,1497
4499.09,5544.34,2948.41,0.5688,1499
4641.6,5341.61,2998.31,4.5122,1505
4497.51,5417.84,2962.68,0.3992,1505
4750.82,4923.08,2978.5,0.0768,1506
4664.45,5461.35,3042.53,1.9246,1508
4757.61,5041.38,2989.07,0.1622,1509
4609.39,5166.54,2891.42,1.0714,1510
4622.7,5492.55,3017.51,2.5158,1512
4491.33,5540.25,2997.63,0.7548,1513
4580,5463,3014.5,3.219,1513
4572,5323,2835.5,0.626,1515
4570,5184,3018.5,1.2138,1517
4529.14,5164.88,3002.75,1.593,1517
4335,5336,2757.5,0.6602,1518
4525.32,5161.75,3066.59,0.9348,1518
4460.94,4912.25,2886.77,0.618,1519
4648.05,5103.71,3074.58,0.5238,1520
4691.8,5429.62,3012.5,1.304,1520
4561.48,5284.26,2970.37,1.5964,1521
4580,5463,3039.5,3.3346,1522
4622.21,5331.31,3005.19,2.2818,1523
4335,5336,2757.5,0.6602,1523
4572,5323,3060.5,3.5134,1524
4580,5463,3064.5,5.3898,1527
4479.71,5279.35,3015.54,0.1406,1529
4676.89,5342.23,3033.73,1.9306,1534
4622.7,5492.55,3017.51,2.5158,1535
4545.42,5284.43,2951.22,0.8988,1535
4588.65,5432.5,3039.5,2.9056,1536
4773.48,5041.74,3008.39,0.129,1537
4693.18,5325.23,3082.67,2.2652,1538
4588.75,5432.36,3064.5,3.5716,1538
4589.48,5102.12,2920.65,1.1868,1541
4560.04,5523.44,3006.87,1.5002,1542
4526.05,5166.82,2898.49,0.6378,1545
4622.3,5464,2919.9,0.92,1546
4572,5323,3060.5,3.5134,1548
4749.66,5277.84,3015.11,1.2706,1549
4595.58,5523.69,3042.04,0.8118,1550
4707.3,5313.38,3065.78,3.029,1550
4694.53,5342.54,3051.44,2.142,1550
4572,5323,3085.5,2.6582,1550
4572.14,5222.03,3081.13,1.1776,1550
4581.1,5405.24,3048.24,2.982,1551
4622.7,5492.55,3017.51,2.5158,1551
4539.68,5460.26,3009.94,1.3428,1552
4622.7,5492.55,3017.51,2.5158,1553
4610.46,5462.98,3080.53,2.8036,1553
4598.79,5404.32,3065.88,2.2292,1554
4622.7,5492.55,3017.51,2.5158,1556
4610.46,5462.98,3080.53,2.8036,1556
4648.5,5522.77,3007.12,1.8648,1558
4583.57,5584.86,2997.7,0.6228,1559
4580,5463,2739.5,0.8193,1559
4529.14,5164.88,3002.75,1.593,1559
4616.47,5403.39,3083.53,1.65,1560
4622.21,5331.31,3005.19,2.2818,1560
4471.57,5254.22,2821.16,0.098,1564
4534.62,5100.96,3043.94,1.226,1564
4540.52,5458.32,2919,0.5654,1564
4392.99,5097.99,2902.77,0.258,1564
4661.59,5776.7,2780.44,0.5568,1566
4630.7,5522.67,2989.56,1.5676,1567
4508.04,5422.87,2914.06,1.0788,1568
4520.81,5463,3057.32,1.2408,1570
4691.88,5429.37,3037.5,0.8418,1570
4648.49,5519.42,2836,1.5316,1571
4598.79,5404.32,3065.88,2.2292,1572
4560.04,5523.44,3006.87,1.5002,1572
4618.73,5402.58,2996.17,0.782,1572
4401.09,5642.35,2866.68,0.023,1572
4623.44,5492.81,3067.5,5.7046,1573
4580,5463,3089.5,4.5002,1577
4622.7,5492.55,3017.51,2.5158,1577
4536.31,5641.78,2913.91,0.4066,1577
4564.9,5493.19,3065.5,1.707,1577
4721.42,5301.53,3048.89,2.0206,1577
4583.5,5402.4,2960.69,1.2738,1577
4580,5463,3039.5,3.3346,1577
4622.7,5492.55,3017.51,2.5158,1578
4542.27,5523.32,2989.28,1.4282,1578
4564.86,5493.27,3040.5,1.8002,1581
4694.53,5342.54,3051.44,2.142,1582
4572,5323,3010.5,1.6606,1583
4572,5323,3085.5,2.6582,1584
4750.66,4923.14,2878.5,0.1336,1585
4572,5323,2960.5,1.1192,1586
4622.21,5331.31,3005.19,2.2818,1588
4699.05,5163.5,3078.93,0.2432,1588
4466.22,5699.29,2870.32,0.2132,1588
4572,5323,3085.5,2.6582,1588
4641.6,5341.61,2998.31,4.5122,1589
4707.3,5313.38,3065.78,3.029,1589
4525.7,5642.78,2989.56,0.539,1589
4487.45,5538.2,3022.24,1.2168,1590
4721.42,5301.53,3048.89,2.0206,1592
4572,5323,3085.5,2.6582,1592
4523.34,4982.31,3116.7,0.8342,1593
4588.67,5340.69,2945.19,1.253,1597
4570,5184,2993.5,1.919,1597
4468.27,5039.15,2990.08,1.3396,1601
4653.94,5582.49,2900.6,0.389,1602
4541.7,5522.21,2901.79,1.4148,1602
4486.53,5523.14,3108.44,0.1218,1602
4507.19,5403.53,3054.73,0.7954,1603
4659.25,5341.92,3016.02,1.841,1605
4709.48,5282,3057.48,0.7938,1605
4542.27,5523.32,2989.28,1.4282,1606
4570,5184,2868.5,0.9362,1607
4777.31,5581.21,2946.67,0.329,1608
4609.39,5166.54,2891.42,1.0714,1608
4694.53,5342.54,3051.44,2.142,1609
4671.59,5582.58,2918.31,0.4338,1609
4580,5463,2964.5,1.4402,1610
4626.04,5374.95,3090.5,2.094,1610
4629.85,5164.83,3006.76,0.528,1611
4580,5463,3014.5,3.219,1612
4577.3,5522.39,2936.9,1.109,1612
4347.6,4983.2,3092.96,0.4322,1612
4581.1,5405.24,3048.24,2.982,1614
4513.04,5402.03,2889.74,1.254,1614
4561.48,5284.26,2970.37,1.5964,1614
4578.04,5343.54,3085.57,1.7028,1615
4630.7,5522.67,2989.56,1.5676,1615
4524.92,5403.19,3072.34,0.8088,1615
4491.33,5540.25,2997.63,0.7548,1616
4717.16,5523.19,2993.81,0.441,1618
4699.27,5523.31,2976.35,0.7654,1619
4580,5463,2989.5,2.2682,1619
4697.3,5164.86,2980.27,0.4878,1620
4625.49,5757.91,2898.63,0.2252,1622
4572,5323,3010.5,1.6606,1622
4691.72,5429.87,2987.5,2.3,1622
4556.4,5643.61,2829.87,0.2988,1623
4682.15,5461.78,3060.18,2.3778,1625
4641.6,5341.61,2998.31,4.5122,1626
4345,5613,2965.5,0.165,1626
4693.18,5325.23,3082.67,2.2652,1627
4590.37,5224,2854.81,1.1868,1627
4659.25,5341.92,3016.02,1.841,1628
4622.7,5492.55,3017.51,2.5158,1629
4676.89,5342.23,3033.73,1.9306,1629
4572,5323,3110.5,1.279,1632
4626.01,5374.98,3115.5,0.192,1632
4565.88,5402.31,2942.96,1.8258,1633
4557.37,5460.94,3027.59,1.784,1634
4598.79,5404.32,3065.88,2.2292,1635
4275.06,5042.74,2995.43,1.2574,1636
4580,5463,2989.5,2.2682,1637
4580,5463,3039.5,3.3346,1640
4572,5323,3085.5,2.6582,1640
4516.76,5277.35,2876.37,0.7008,1640
4553.38,5340.07,2909.77,1.0668,1645
4623.96,5341.31,2980.6,0.933,1645
4636.35,5402.68,3013.91,1.338,1645
4490.87,4879.46,2920.54,0.3918,1646
4588.65,5432.5,3039.5,2.9056,1647
4551.95,4910.45,3160.98,0.113,1648
4691.88,5429.37,3037.5,0.8418,1648
4684.01,5103.14,3109.32,0.0364,1648
4694.53,5342.54,3051.44,2.142,1650
4657.9,5283.25,3085.27,0.5132,1651
4580,5463,3089.5,4.5002,1652
4580.92,5224,2831.67,0.7148,1652
4580,5463,3114.5,2.385,1654
4595.62,5343.32,3103.34,1.6052,1659
4721.42,5301.53,3048.89,2.0206,1661
4572,5323,2910.5,1.5258,1663
4711.3,5464,3007.67,0.852,1668
4485.2,5585.01,3063.12,1.0396,1668
4539.73,4904.25,3112.89,0.3064,1668
4530.65,5402.12,2907.48,1.4448,1669
4622.7,5492.55,3017.51,2.5158,1670
4622.7,5492.55,3017.51,2.5158,1670
4591.92,5524.06,2871.59,1.382,1670
4521.98,5459.58,2992.3,0.7142,1670
4676.89,5342.23,3033.73,1.9306,1671
4580,5463,2789.5,0.8582,1672
4581.1,5405.24,3048.24,2.982,1673
4396.09,5522.65,2931.68,0.015,1673
4676.89,5342.23,3033.73,1.9306,1673
4607.49,5222.58,3116.48,0.0378,1675
4582.51,5226.81,3006.7,1.8034,1675
4589.48,5102.12,2920.65,1.1868,1677
4682.15,5461.78,3060.18,2.3778,1680
4616.47,5403.39,3083.53,1.65,1681
4626.04,5374.95,3090.5,2.094,1681
4789.34,5042.1,3027.7,0.0542,1682
4561.48,5284.26,2970.37,1.5964,1683
4637.24,5642.76,2925.2,0.6106,1684
4563.83,5463,3118.76,0.0136,1684
4624.96,5102.3,2955.88,0.983,1685
4622.21,5331.31,3005.19,2.2818,1686
4582.51,5226.81,3006.7,1.8034,1687
4588.75,5432.36,3064.5,3.5716,1687
4468.27,5039.15,2990.08,1.3396,1688
4598.79,5404.32,3065.88,2.2292,1689
4610.46,5462.98,3080.53,2.8036,1689
4647.15,5164.49,3024.8,0.6724,1690
4565.88,5402.31,2942.96,1.8258,1692
4572,5323,3085.5,2.6582,1694
4641.6,5341.61,2998.31,4.5122,1697
4623.44,5492.81,3067.5,5.7046,1697
4591.92,5524.06,2871.59,1.382,1697
4588.55,5432.64,3014.5,3.195,1697
4572,5323,3110.5,1.279,1700
4576.12,5104.84,3005.12,0.7818,1700
4570,5184,2993.5,1.919,1700
4554.46,5221.75,3063.45,1.7674,1702
4682.15,5461.78,3060.18,2.3778,1702
4648.49,5519.42,2836,1.5316,1703
4763.78,5265.99,2998.22,1.2392,1703
4698.13,5402.89,2974.13,1.1254,1704
4691.72,5429.87,2987.5,2.3,1704
4626.04,5374.95,3090.5,2.094,1705
4724.53,5582.86,2971.44,0.2536,1706
4452.69,5521.74,2814.02,0.3293,1707
4729.1,5464,3025.22,0.1832,1708
4598.79,5404.32,3065.88,2.2292,1712
4623.44,5492.81,3067.5,5.7046,1712
4560.04,5523.44,3006.87,1.5002,1713
4635.81,5225.98,3059.45,0.429,1713
4572,5323,3085.5,2.6582,1714
4572,5323,3085.5,2.6582,1717
4610.46,5462.98,3080.53,2.8036,1718
4691.72,5429.87,2987.5,2.3,1720
4578.04,5343.54,3085.57,1.7028,1722
4534.62,5100.96,3043.94,1.226,1722
4537.65,5701.04,2940.29,0.5626,1722
4694.53,5342.54,3051.44,2.142,1723
4582.51,5226.81,3006.7,1.8034,1725
4443.23,4912.34,2869.12,0.825,1725
4554.46,5221.75,3063.45,1.7674,1725
4622.7,5492.55,3017.51,2.5158,1727
4682.15,5461.78,3060.18,2.3778,1730
4626.04,5374.95,3090.5,2.094,1730
4572,5323,2935.5,1.523,1730
4572,5323,3085.5,2.6582,1730
4613.35,5523.81,3059.62,1.0894,1731
4589.48,5102.12,2920.65,1.1868,1731
4325,5053,2767.5,0.549,1732
4627.7,5523.81,2906.51,1.31,1732
4495.81,5586.08,2908.69,0.518,1735
4572,5323,3085.5,2.6582,1735
4572,5323,3110.5,1.279,1736
4674.13,5282,3022.13,1.1746,1737
4645.59,5523.69,2923.97,0.9092,1737
4572,5323,2985.5,1.5392,1737
4626.04,5374.95,3090.5,2.094,1737
4648.49,5519.42,2836,1.5316,1741
4572,5323,3010.5,1.6606,1741
4592.76,5462.3,3062.88,3.7234,1742
4601.06,5163.88,3072.22,0.6736,1744
4508.04,5422.87,2914.06,1.0788,1745
4618.46,5581.61,2949.45,0.7036,1746
4626.04,5374.95,3090.5,2.094,1747
4622.7,5492.55,3017.51,2.5158,1749
4467.3,5522.4,3001.9,0.449,1750
4648.49,5519.42,2836,1.5316,1752
4580,5463,3114.5,2.385,1754
4662.77,5402.83,2938.77,0.5598,1754
4325,5053,2817.5,0.7292,1755
4518.36,5641.59,2896.52,0.4818,1755
4626.04,5374.95,3090.5,2.094,1756
4742.18,5582.95,2989.15,0.0648,1757
4622.7,5492.55,3017.51,2.5158,1759
4572,5323,2985.5,1.5392,1759
4588.73,5643.27,2868,0.213,1760
4581.1,5405.24,3048.24,2.982,1761
4572,5323,2785.5,0.873,1762
4659.25,5341.92,3016.02,1.841,1762
4623.44,5492.81,3067.5,5.7046,1763
4898.54,4632.01,2894.86,0.0572,1764
4592.08,5315.89,2968.38,1.5588,1764
4707.3,5313.38,3065.78,3.029,1765
4949.09,4630.86,3036.08,0.035,1766
4335,5336,2832.5,0.353,1768
4501.7,5269.64,2857.97,0.2058,1769
4675.38,5224,3063.13,0.707,1769
4551.79,5033.35,2892.87,0.9602,1770
4570,5184,2993.5,1.919,1771
4542.27,5523.32,2989.28,1.4282,1772
4609.69,5283.76,3027.82,1.5288,1773
4572,5323,3010.5,1.6606,1773
4593.63,5459.62,2971.94,1.3712,1775
4572,5323,3085.5,2.6582,1775
4572,5323,3085.5,2.6582,1775
4572,5323,3060.5,3.5134,1775
4511.16,5165.13,2985.39,0.6602,1776
4554.46,5221.75,3063.45,1.7674,1777
4580,5463,3014.5,3.219,1777
4564.86,5493.27,3040.5,1.8002,1777
4691.8,5429.62,3012.5,1.304,1778
4682.15,5461.78,3060.18,2.3778,1780
4554.46,5221.75,3063.45,1.7674,1781
4478.65,4912.16,2904.42,0.4172,1781
4561.48,5284.26,2970.37,1.5964,1781
4588.75,5432.36,3064.5,3.5716,1782
4820.26,5218.6,2930.66,0.21,1783
4763.78,5265.99,2998.22,1.2392,1786
4612.08,5104.27,3039.85,0.7024,1788
4613.35,5523.81,3059.62,1.0894,1789
4660.44,5102.49,2991.11,3.3452,1789
4630.7,5522.67,2989.56,1.5676,1791
4693.18,5325.23,3082.67,2.2652,1792
4598.79,5404.32,3065.88,2.2292,1792
4807.35,5582.56,2933.41,0.2732,1793
4598.79,5404.32,3065.88,2.2292,1793
4676.89,5342.23,3033.73,1.9306,1793
4591.92,5524.06,2871.59,1.382,1793
4637.24,5642.76,2925.2,0.6106,1794
4580,5463,3114.5,2.385,1796
4493.17,5165.39,2968.02,0.189,1796
4471.94,5530.02,3120.69,0.0574,1797
4676.89,5342.23,3033.73,1.9306,1797
4564.9,5493.19,3065.5,1.707,1798
4572,5323,2910.5,1.5258,1799
4659.25,5341.92,3016.02,1.841,1800
4622.33,5492.42,2992.51,0.48,1800
4694.53,5342.54,3051.44,2.142,1801
4492.13,5463,3016.37,0.8388,1802
4554.46,5221.75,3063.45,1.7674,1803
4499.22,5100.22,3008.65,0.7126,1805
4581.1,5405.24,3048.24,2.982,1806
4598.79,5404.32,3065.88,2.2292,1806
4598.79,5404.32,3065.88,2.2292,1806
4572,5323,3085.5,2.6582,1806
4626.04,5374.95,3090.5,2.094,1807
4460.94,4912.25,2886.77,0.618,1808
4691.72,5429.87,2987.5,2.3,1808
4592.08,5315.89,2968.38,1.5588,1810
4565.88,5402.31,2942.96,1.8258,1814
4600.79,5581.3,2931.77,0.746,1814
4698.13,5402.89,2974.13,1.1254,1814
4521.48,5168.23,2802.57,0.615,1815
4515.03,5282,2863.03,0.413,1815
4499.12,5584.2,3083.87,0.537,1816
4374.09,5037.67,2873.34,0.26,1816
4694.53,5342.54,3051.44,2.142,1816
4572,5323,2685.5,1.0172,1816
4570,5184,2768.5,1.2002,1816
4580,5463,3114.5,2.385,1817
4588.55,5432.64,3014.5,3.195,1817
4612.55,5165.16,2988.71,0.9616,1818
4638.77,5282,2986.77,0.4278,1818
4589.48,5102.12,2920.65,1.1868,1818
4721.42,5301.53,3048.89,2.0206,1820
4622.21,5331.31,3005.19,2.2818,1823
4626.04,5374.95,3090.5,2.094,1823
4507.89,5644.12,2772.67,0.113,1823
4591.81,5166.88,2873.65,1.1614,1827
4682.15,5461.78,3060.18,2.3778,1827
4588.75,5432.36,3064.5,3.5716,1827
4592.76,5462.3,3062.88,3.7234,1827
4660.44,5102.49,2991.11,3.3452,1828
4414.7,5162.99,3042.5,0.3586,1830
4577.02,5308.19,2949.98,1.2588,1831
4460.94,4912.25,2886.77,0.618,1833
4572,5323,3110.5,1.279,1835
4707.3,5313.38,3065.78,3.029,1837
4648.49,5519.42,2836,1.5316,1838
4671.58,5402.86,3049.39,1.3128,1839
4598.79,5404.32,3065.88,2.2292,1840
4491.33,5540.25,2997.63,0.7548,1842
4595.62,5343.32,3103.34,1.6052,1842
4759.52,5580.68,2929.12,0.2598,1842
4536.78,5221.47,3045.77,1.161,1843
4591.92,5524.06,2871.59,1.382,1843
4682.15,5461.78,3060.18,2.3778,1844
4612.9,5522.58,2972.01,1.0084,1846
4577.02,5308.19,2949.98,1.2588,1846
4636.3,5582.4,2882.89,0.377,1847
4660.44,5102.49,2991.11,3.3452,1847
4691.72,5429.87,2987.5,2.3,1847
4570,5184,2768.5,1.2002,1850
4595.58,5523.69,3042.04,0.8118,1851
4721.42,5301.53,3048.89,2.0206,1851
4691.8,5429.62,3012.5,1.304,1851
4588.65,5432.5,3039.5,2.9056,1852
4618.71,5224,2924.25,0.9572,1857
4564.86,5493.27,3040.5,1.8002,1860
4560.04,5523.44,3006.87,1.5002,1861
4622.21,5331.31,3005.19,2.2818,1862
4580,5463,2914.5,1.0622,1862
4693.18,5325.23,3082.67,2.2652,1863
4667.4,5354.44,3060.4,0.2656,1863
4572,5323,3085.5,2.6582,1864
4676.89,5342.23,3033.73,1.9306,1866
4622.7,5492.55,3017.51,2.5158,1867
4710.09,5370.6,2989.5,1.6202,1867
4771.04,5343.02,3030.29,0.1608,1868
4588.55,5432.64,3014.5,3.195,1869
4572,5323,3060.5,3.5134,1870
4560.04,5523.44,3006.87,1.5002,1871
4460.94,4912.25,2886.77,0.618,1872
4693.18,5325.23,3082.67,2.2652,1872
4847.98,4633.15,2753.64,0.248,1872
4592.76,5462.3,3062.88,3.7234,1873
4680.78,5281.47,2954.77,0.5254,1873
4691.72,5429.87,2987.5,2.3,1873
4601.12,5584.61,3015.5,0.8716,1877
4622.7,5492.55,3017.51,2.5158,1879
4622.21,5331.31,3005.19,2.2818,1882
4622.7,5492.55,3017.51,2.5158,1883
4570,5184,2918.5,1.6936,1883
4396.8,4983.03,3149.57,0.039,1884
4565.88,5402.31,2942.96,1.8258,1885
4626.04,5374.95,3090.5,2.094,1885
4580,5463,2914.5,1.0622,1886
4580,5463,3114.5,2.385,1887
4711.3,5464,3007.67,0.852,1887
4506.47,5463,3036.85,1.082,1888
4572,5323,2985.5,1.5392,1891
4564.9,5493.19,3065.5,1.707,1891
4777.9,5254.14,2981.33,1.0532,1891
4580,5463,3114.5,2.385,1893
4577.02,5308.19,2949.98,1.2588,1895
4915.39,4631.63,2941.94,0.0244,1896
4588.75,5432.36,3064.5,3.5716,1897
4694.53,5342.54,3051.44,2.142,1897
4864.83,4632.77,2800.72,0.2522,1899
4582.51,5226.81,3006.7,1.8034,1902
4545.42,5284.43,2951.22,0.8988,1903
4556.65,5167.56,2838.11,1.0052,1904
4721.42,5301.53,3048.89,2.0206,1904
4524.92,5403.19,3072.34,0.8088,1905
4529.21,5227.65,2953.94,0.6574,1906
4712.18,5342.85,3069.15,0.4352,1907
4675.7,5464,2972.56,1.1312,1909
4580,5463,3089.5,4.5002,1909
4557.37,5460.94,3027.59,1.784,1909
4681.42,5343.17,2943.14,0.797,1910
4676.89,5342.23,3033.73,1.9306,1910
4710.09,5370.6,2989.5,1.6202,1912
4612.9,5522.58,2972.01,1.0084,1914
4580,5463,2739.5,0.8193,1914
4560.73,5162.3,3101.88,0.9272,1914
4732.46,5164.18,3015.8,0.107,1914
4577.3,5522.39,2936.9,1.109,1915
4572,5323,3085.5,2.6582,1915
4478.25,5586.33,2890.89,0.454,1916
4564.86,5493.27,3040.5,1.8002,1916
4444.01,4980.92,3020.11,0.5296,1917
4554.26,5641.97,2931.31,0.398,1917
4572,5323,3010.5,1.6606,1918
4674.13,5282,3022.13,1.1746,1919
4581.1,5405.24,3048.24,2.982,1920
4678.14,4983.16,2916.16,0.2042,1920
4588.65,5432.5,3039.5,2.9056,1921
4763.78,5265.99,2998.22,1.2392,1921
4622.21,5331.31,3005.19,2.2818,1923
4335,5336,2732.5,0.7815,1924
4641.6,5341.61,2998.31,4.5122,1924
4521.13,5163.92,3148.19,0.038,1924
4627.7,5523.81,2906.51,1.31,1924
4549.48,4911.79,2975,0.2658,1925
4580,5463,3014.5,3.219,1926
4578.44,5162.58,3119.53,0.45,1927
4572,5323,3085.5,2.6582,1927
4664.45,5461.35,3042.53,1.9246,1928
4554.46,5221.75,3063.45,1.7674,1929
4637.24,5642.76,2925.2,0.6106,1930
4541.7,5522.21,2901.79,1.4148,1930
4694.53,5342.54,3051.44,2.142,1930
4593.63,5459.62,2971.94,1.3712,1931
4458,5399,3082.5,0.918,1932
4524.92,5403.19,3072.34,0.8088,1936
4572,5323,3085.5,2.6582,1938
4682.15,5461.78,3060.18,2.3778,1940
4749.66,5277.84,3015.11,1.2706,1940
4572,5323,2885.5,0.587,1949
